incident_id,circuit,country,first_season,round,season,current_top_4_drivers,rounds,num_teams,lap,lap_remaining,full_laps,completion_percentage,sector,flag,safety_car,track_conditions,weather_conditions,session,incident_type,severity,positions_of_involved parties,num_drivers,drivers,nationalities,respective_teams,driver_standings,driver_points,construct_standings,construct_points,years_in_sport,superlicense_points_before_incident,investigation,incident_classification,driver_at_fault,penalty,superlicense_points_added,mentioned_article
2025__896cd4d5ee,abu_dhabi,uae,2009.0,24.0,2025.0,"norris,max_verstappen,piastri,russell",24.0,10.0,,,,,,,,,,,other,,,1,yuki_tsunoda,japanese,racing_bulls,15,33,6,92,4.0,7,True,other,,,,
2025__228bd81cce,abu_dhabi,uae,2009.0,24.0,2025.0,"norris,max_verstappen,piastri,russell",24.0,10.0,,,,,,,,,,,other,,,1,kimi_antonelli,italian,mercedes,7,150,2,459,0.0,5,True,other,,,,
2025_race_4a62dadce8,abu_dhabi,uae,2009.0,24.0,2025.0,"norris,max_verstappen,piastri,russell",24.0,10.0,,,58.0,,,,none,dry,sunny,race,other,,,1,yuki_tsunoda,japanese,racing_bulls,15,33,6,92,4.0,7,True,other,,5s_time_penalty,1.0,"Breach of Appendix L, Chapter IV, Article 2 b) of the International Sporting Code."
2025__0f480007ff,abu_dhabi,uae,2009.0,24.0,2025.0,"norris,max_verstappen,piastri,russell",24.0,10.0,,,,,,,,,,,other,,,1,esteban_ocon,french,haas,16,32,8,73,9.0,1,True,other,,,,
2025_practice_6c6fe8586e,abu_dhabi,uae,2009.0,24.0,2025.0,"norris,max_verstappen,piastri,russell",24.0,10.0,,,31.0,,,,none,dry,sunny,practice,other,,,2,"alexander_albon,car_31","thai,","williams,","8,","73,","5,","137,",6.0,"3,",True,other,,"the_competitor_(atlassian_williams_racing)_is_fined_€5,000.",,Breach of Article 34.14 a) of the FIA Formula One Sporting Regulations.
2025_race_fffa8d7f43,abu_dhabi,uae,2009.0,24.0,2025.0,"norris,max_verstappen,piastri,russell",24.0,10.0,,,58.0,,,,none,dry,sunny,race,other,,,2,"liam_lawson,car_87","new_zealander,","red_bull,","14,","38,","3,","426,",2.0,"5,",True,other,,5s_time_penalty,1.0,"Breach of Appendix L, Chapter IV, Article 2 e) of the International Sporting Code."
2025_qualifying_6f51ed34b4,abu_dhabi,uae,2009.0,24.0,2025.0,"norris,max_verstappen,piastri,russell",24.0,10.0,,,21.0,,,,none,dry,sunny,qualifying,other,,,1,,,,,,,,,,True,other,none,no_further_action,,"Alleged breach of Article 33.4 of the FIA Formula One Sporting Regulations and Article 12.2.1 i) of the FIA International Sporting Code (non-compliance with the Race Director’s Event Notes, item 1,"
2025_practice_d7e5a930b2,abu_dhabi,uae,2009.0,24.0,2025.0,"norris,max_verstappen,piastri,russell",24.0,10.0,,,31.0,,,,none,dry,sunny,practice,other,,,2,"kimi_antonelli,car_22","italian,","mercedes,","7,","150,","2,","459,",0.0,"5,",True,other,,"the_competitor_(mercedes-amg_petronas_f1_team)_is_fined_€10,000.",,Breach of Article 34.14 a) of the FIA Formula One Sporting Regulations.
2025_race_9cba4f40db,abu_dhabi,uae,2009.0,24.0,2025.0,"norris,max_verstappen,piastri,russell",24.0,10.0,,,58.0,,,,none,dry,sunny,race,track_limits,,,1,lando_norris,british,mclaren,1,408,1,800,6.0,0,True,track_limits,none,no_further_action,,Breach of Article 33.3 of the FIA Formula One Sporting Regulations.
2025_race_96753f1b90,abu_dhabi,uae,2009.0,24.0,2025.0,"norris,max_verstappen,piastri,russell",24.0,10.0,,,58.0,,,,none,dry,sunny,race,other,,,1,pierre_gasly,french,alpine,18,22,10,22,8.0,2,True,other,,5s_time_penalty,,"Breach of Article 33.3 of the FIA Formula One Sporting Regulations, Breach of Appendix L, Chapter IV, Article 2 c) of the International Sporting Code. and the Race Directors’ Event Notes Art 18.1 - Article 12.2.1 i) of the International Sporting Code."
2025__881cd3469e,abu_dhabi,uae,2009.0,24.0,2025.0,"norris,max_verstappen,piastri,russell",24.0,10.0,,,,,,,,,,,other,,,1,fernando_alonso,spanish,aston_martin,12,48,7,80,24.0,0,True,other,,,,
2025_race_c0c4f6c7ab,abu_dhabi,uae,2009.0,24.0,2025.0,"norris,max_verstappen,piastri,russell",24.0,10.0,,,58.0,,,,none,dry,sunny,race,other,,,1,,,,,,,,,,True,other,,deletion_of_the_lap_times_shown_in_accordance_with_article_12.4.1.e_of_the_fia_i,,- Race Deleted Lap Times Description
2025__81a6f4c45a,abu_dhabi,uae,2009.0,24.0,2025.0,"norris,max_verstappen,piastri,russell",24.0,10.0,,,,,,,,,,,other,,,1,lando_norris,british,mclaren,1,408,1,800,6.0,0,True,other,,,,
"2025_from the garage and meet both drivers for a photo opportunity. the stewards require a report from the competitor, verifying that the proposal has been implemented. in view of the above, we have decided to suspend the majority of the penalty. the stewards competitors are reminded that they have the right to appeal certain decisions of the stewards, in accordance with article 15 of the fia international sporting code and chapter 4 of the fia judicial and disciplinary rules, within the applicable time limits. decisions of the stewards are taken independently of the fia and are based solely on the relevant regulations, guidelines and evidence presented. garry connelly mathieu remmerie derek warwick mohammed al hashmi_95921b408e",abu_dhabi,uae,2009.0,24.0,2025.0,"norris,max_verstappen,piastri,russell",24.0,10.0,,,,,,,,,,"from the garage and meet both drivers for a photo opportunity. the stewards require a report from the competitor, verifying that the proposal has been implemented. in view of the above, we have decided to suspend the majority of the penalty. the stewards competitors are reminded that they have the right to appeal certain decisions of the stewards, in accordance with article 15 of the fia international sporting code and chapter 4 of the fia judicial and disciplinary rules, within the applicable time limits. decisions of the stewards are taken independently of the fia and are based solely on the relevant regulations, guidelines and evidence presented. garry connelly mathieu remmerie derek warwick mohammed al hashmi",other,,,1,fernando_alonso,spanish,aston_martin,12,48,7,80,24.0,0,True,other,,"the_competitor_(aston_martin_aramco_f1_team)_is_fined_€25,000_of_which_€15,000_i",,Breach of Article 19.2 c) of the FIA Formula One Sporting Regulations.
2025_race_33590becd2,abu_dhabi,uae,2009.0,24.0,2025.0,"norris,max_verstappen,piastri,russell",24.0,10.0,,,58.0,,,,none,dry,sunny,race,collision,,,2,"nico_hulkenberg,car_10","german,","audi,","11,","49,","9,","68,",15.0,"0,",True,collision,none,no_further_action,,"Alleged breach of Appendix L, Chapter IV Art 2(d) of the International Sporting Code."
2025_race_6aa003e1ba,abu_dhabi,uae,2009.0,24.0,2025.0,"norris,max_verstappen,piastri,russell",24.0,10.0,,,58.0,,,,none,dry,sunny,race,pit_lane,,,1,alexander_albon,thai,williams,8,73,5,137,6.0,3,True,pit_lane,,5s_time_penalty,,Breach of Article 34.7 of the FIA Formula One Sporting Regulations.
"2025_from the garage and meet both drivers for a photo opportunity. the stewards require a report from the competitor, verifying that the proposal has been implemented. in view of the above, we have decided to suspend the majority of the penalty. the stewards competitors are reminded that they have the right to appeal certain decisions of the stewards, in accordance with article 15 of the fia international sporting code and chapter 4 of the fia judicial and disciplinary rules, within the applicable time limits. decisions of the stewards are taken independently of the fia and are based solely on the relevant regulations, guidelines and evidence presented. garry connelly mathieu remmerie derek warwick mohammed al hashmi_22e6c10aca",abu_dhabi,uae,2009.0,24.0,2025.0,"norris,max_verstappen,piastri,russell",24.0,10.0,,,,,,,,,,"from the garage and meet both drivers for a photo opportunity. the stewards require a report from the competitor, verifying that the proposal has been implemented. in view of the above, we have decided to suspend the majority of the penalty. the stewards competitors are reminded that they have the right to appeal certain decisions of the stewards, in accordance with article 15 of the fia international sporting code and chapter 4 of the fia judicial and disciplinary rules, within the applicable time limits. decisions of the stewards are taken independently of the fia and are based solely on the relevant regulations, guidelines and evidence presented. garry connelly mathieu remmerie derek warwick mohammed al hashmi",other,,,1,lance_stroll,canadian,aston_martin,17,32,7,80,8.0,5,True,other,,"the_competitor_(aston_martin_aramco_f1_team)_is_fined_€25,000_of_which_€15,000_i",,Breach of Article 19.2 c) of the FIA Formula One Sporting Regulations.
2025__f25b1bcdba,abu_dhabi,uae,2009.0,24.0,2025.0,"norris,max_verstappen,piastri,russell",24.0,10.0,,,,,,,,,,,other,,,1,lance_stroll,canadian,aston_martin,17,32,7,80,8.0,5,True,other,,,,
2025_race_81fccbe048,abu_dhabi,uae,2009.0,24.0,2025.0,"norris,max_verstappen,piastri,russell",24.0,10.0,,,58.0,,,,none,dry,sunny,race,other,,,1,oliver_bearman,british,haas,13,41,8,73,,9,True,other,,5s_time_penalty,1.0,"Breach of Appendix L, Chapter IV, Article 2 b) of the International Sporting Code."
2025_race_c6172fd4dd,abu_dhabi,uae,2009.0,24.0,2025.0,"norris,max_verstappen,piastri,russell",24.0,10.0,,,58.0,,,,none,dry,sunny,race,other,,,1,lance_stroll,canadian,aston_martin,17,32,7,80,8.0,5,True,other,,5s_time_penalty,1.0,"Breach of Appendix L, Chapter IV, Article 2 b) of the International Sporting Code."
2025__cf78ef0606,abu_dhabi,uae,2009.0,24.0,2025.0,"norris,max_verstappen,piastri,russell",24.0,10.0,,,,,,,,,,,other,,,1,alexander_albon,thai,williams,8,73,5,137,6.0,3,True,other,,,,
2025_race_bb45dfea88,abu_dhabi,uae,2009.0,24.0,2025.0,"norris,max_verstappen,piastri,russell",24.0,10.0,,,58.0,,,,none,dry,sunny,race,collision,,,2,"pierre_gasly,car_27","french,","alpine,","18,","22,","10,","22,",8.0,"2,",True,collision,none,no_further_action,,"Alleged breach of Appendix L, Chapter IV, Art 2 (d) of the International Sporting Code."
2025_practice_ca27548734,abu_dhabi,uae,2009.0,24.0,2025.0,"norris,max_verstappen,piastri,russell",24.0,10.0,,,31.0,,,,none,dry,sunny,practice,other,,,2,"yuki_tsunoda,car_4","japanese,","racing_bulls,","15,","33,","6,","92,",4.0,"7,",True,other,,warning,,Breach of Article 37.5 of the FIA Formula One Sporting Regulations.
2025_qualifying_f900930413,abu_dhabi,uae,2009.0,24.0,2025.0,"norris,max_verstappen,piastri,russell",24.0,10.0,,,21.0,,,,none,dry,sunny,qualifying,other,,,1,,,,,,,,,,True,other,,deletion_of_the_lap_times_shown_in_accordance_with_article_12.4.1.e_of_the_fia_i,,- Qualifying Deleted Lap Times Description
2025_race_f0690b4134,melbourne,australia,1996.0,1.0,2025.0,,24.0,10.0,,,58.0,,,,safety_car,dry,sunny,race,other,,,1,alexander_albon,,,,,,,6.0,0,True,other,,no_penalty_applied.,,Breach of Article 55.7 of the FIA Formula One Sporting Regulations.
2025_race_b5f6435097,melbourne,australia,1996.0,1.0,2025.0,,24.0,10.0,,,58.0,,,,safety_car,dry,sunny,race,other,,,1,fernando_alonso,,,,,,,24.0,0,True,other,,no_penalty_applied.,,Breach of Article 55.7 of the FIA Formula One Sporting Regulations.
2025_race_77d69eae51,melbourne,australia,1996.0,1.0,2025.0,,24.0,10.0,,,58.0,,,,safety_car,dry,sunny,race,other,,,2,"gabriel_bortoleto,car_30",",",",",",",",",",",",",1.0,"0,",True,other,,5s_time_penalty,,Breach of Article 34.14 a) of the FIA Formula One Sporting Regulations.
2025_race_60d8430917,melbourne,australia,1996.0,1.0,2025.0,,24.0,10.0,,,58.0,,,,safety_car,dry,sunny,race,other,,,1,,,,,,,,,,True,other,,deletion_of_the_lap_times_shown_in_accordance_with_article_12.4.1.e_of_the_fia_i,,- Race Deleted Lap Times Description Race Deleted Lap Times Enclosed AUS DOC 42 - Race Deleted Lap Times.pdf Garry Connelly Gerd Ennser Tanja Geilhausen Matthew Selley Enrique Bernoldi 2025 AUSTRALIAN GRAND PRIX 14 – 16 March 2025 From The Stewards
2025_qualifying_4a7c786e99,melbourne,australia,1996.0,1.0,2025.0,,24.0,10.0,,,22.0,,,,none,dry,sunny,qualifying,other,,,1,oliver_bearman,,,,,,,,0,True,other,,required_to_start_the_race_from_the_pit_lane.,,Breach of Article 40.9 a) of the FIA Formula One Sporting Regulations.
2025_qualifying_181a23a957,melbourne,australia,1996.0,1.0,2025.0,,24.0,10.0,,,22.0,,,,none,dry,sunny,qualifying,other,,,1,liam_lawson,,,,,,,2.0,0,True,other,,required_to_start_the_race_from_the_pit_lane.,,Breach of Article 40.9 of the FIA Formula One Sporting Regulations.
2025__72de5d9f7d,melbourne,australia,1996.0,1.0,2025.0,,24.0,10.0,,,,,,,,,,,other,,,1,,,,,,,,,,True,other,none,no_further_action,,
2025_race_eb67e9e849,melbourne,australia,1996.0,1.0,2025.0,,24.0,10.0,,,58.0,,,,safety_car,dry,sunny,race,other,,,1,yuki_tsunoda,,,,,,,4.0,0,True,other,,no_penalty_applied.,,Breach of Article 55.7 of the FIA Formula One Sporting Regulations.
2025_race_f3abe38b51,melbourne,australia,1996.0,1.0,2025.0,,24.0,10.0,,,58.0,,,,safety_car,dry,sunny,race,other,,,2,"andrea_kimi_antonelli,car_27",",",",",",",",",",",",",",","0,",True,other,,5s_time_penalty,,Breach of Article 34.14 a) of the FIA Formula One Sporting Regulations.
2025_qualifying_d6e8a1fafd,melbourne,australia,1996.0,1.0,2025.0,,24.0,10.0,,,22.0,,,,none,dry,sunny,qualifying,other,,,1,,,,,,,,,,True,other,,deletion_of_the_lap_times_shown_in_accordance_with_article_12.4.1.e_of_the_fia_i,,- Qualifying Deleted Lap Times Description
2025_race_5fd5abdd32,melbourne,australia,1996.0,1.0,2025.0,,24.0,10.0,,,58.0,,,,safety_car,dry,sunny,race,other,,,1,lewis_hamilton,,,,,,,18.0,0,True,other,,no_penalty_is_applied.,,Breach of Article 55.7 of the FIA Formula One Sporting Regulations.
2025_qualifying_bf236e5d0d,melbourne,australia,1996.0,1.0,2025.0,,24.0,10.0,,,22.0,,,,none,dry,sunny,qualifying,other,,,1,,,,,,,,,,True,other,none,no_further_action,,"Alleged breach of Article 33.4 of the FIA Formula One Sporting Regulations and Article 12.2.1 i) of the FIA International Sporting Code (non-compliance with the Race Director’s Event Notes, item 2,"
2025_practice_ec49a7ed48,spielberg,austria,1970.0,11.0,2025.0,"piastri,norris,max_verstappen,russell",24.0,10.0,,,35.0,,,,none,dry,sunny,practice,pit_lane,,,1,kimi_antonelli,italian,mercedes,7,63,2,199,0.0,0,True,pit_lane,,the_competitor_(mercedes-amg_petronas_f1_team)_is_fined_€100,,Breach of Article 34.7 of the FIA Formula One Sporting Regulations.
2025_race_673515b4d6,spielberg,austria,1970.0,11.0,2025.0,"piastri,norris,max_verstappen,russell",24.0,10.0,,,53.0,,,,safety_car,dry,sunny,race,other,,,2,"franco_colapinto,car_87","argentine,","alpine,","20,","0,","10,","11,",1.0,"0,",True,other,none,no_further_action,,"Alleged breach of Appendix L, Chapter IV, Article 2 b) of the International Sporting Code."
2025_qualifying_5f37cb3f9a,spielberg,austria,1970.0,11.0,2025.0,"piastri,norris,max_verstappen,russell",24.0,10.0,,,21.0,,,,none,dry,sunny,qualifying,other,,,1,george_russell,british,mercedes,4,136,2,199,6.0,0,True,other,,reprimand,,"Breach of Appendix L, Chapter IV, Article 5 b) to the FIA International Sporting Code and non-compliance with Race Director’s Event Note (item 10,"
2025_race_e32d162180,spielberg,austria,1970.0,11.0,2025.0,"piastri,norris,max_verstappen,russell",24.0,10.0,,,53.0,,,,safety_car,dry,sunny,race,other,,,2,"franco_colapinto,car_81","argentine,","alpine,","20,","0,","10,","11,",1.0,"0,",True,other,,5s_time_penalty,1.0,"Breach of Appendix L, Chapter IV, Article 2 b) of the International Sporting Code."
2025_race_09686ee574,spielberg,austria,1970.0,11.0,2025.0,"piastri,norris,max_verstappen,russell",24.0,10.0,,,53.0,,,,safety_car,dry,sunny,race,collision,,,2,"kimi_antonelli,car_1","italian,","mercedes,","7,","63,","2,","199,",0.0,"0,",True,collision,car_12,drop_of_3_grid_positions_for_the_next_race_in_which_the_driver_participates._2_p,2.0,"Breach of Appendix L, Chapter IV, Article 2 d) of the FIA International Sporting Code."
2025_qualifying_ca4f667ada,spielberg,austria,1970.0,11.0,2025.0,"piastri,norris,max_verstappen,russell",24.0,10.0,,,21.0,,,,none,dry,sunny,qualifying,other,,,1,,,,,,,,,,True,other,,deletion_of_the_lap_times_shown_in_accordance_with_article_12.4.1.e_of_the_fia_i,,- Qualifying Deleted Lap Times Description
2025_qualifying_3ac4feeb5f,spielberg,austria,1970.0,11.0,2025.0,"piastri,norris,max_verstappen,russell",24.0,10.0,,,21.0,,,,none,dry,sunny,qualifying,other,,,1,,,,,,,,,,True,other,none,no_further_action,,"Alleged breach of Article 33.4 of the FIA Formula One Sporting Regulations and Article 12.2.1 i) of the FIA International Sporting Code (non-compliance with the Race Director’s Event Notes, item 1,"
2025_race_724a92727d,spielberg,austria,1970.0,11.0,2025.0,"piastri,norris,max_verstappen,russell",24.0,10.0,,,53.0,,,,safety_car,dry,sunny,race,collision,,,2,"yuki_tsunoda,car_43","japanese,","racing_bulls,","15,","10,","7,","28,",4.0,"2,",True,collision,,10s_time_penalty,2.0,"Breach of Appendix L, Chapter IV, Article 2 d) of the FIA International Sporting Code."
2025_practice_cb0233380d,spielberg,austria,1970.0,11.0,2025.0,"piastri,norris,max_verstappen,russell",24.0,10.0,,,35.0,,,,none,dry,sunny,practice,blocking,,,2,"lewis_hamilton,car_12","british,","ferrari,","6,","79,","3,","183,",18.0,"0,",True,blocking,,warning,,Breach of Article 37.5 of the FIA Formula One Sporting Regulations.
2025_race_2de473d291,spielberg,austria,1970.0,11.0,2025.0,"piastri,norris,max_verstappen,russell",24.0,10.0,,,53.0,,,,safety_car,dry,sunny,race,other,,,2,"yuki_tsunoda,car_18","japanese,","racing_bulls,","15,","10,","7,","28,",4.0,"2,",True,other,none,no_further_action,,"Alleged breach Appendix L, Chapter IV, Article 2 b) of the FIA International Sporting Code."
2025_qualifying_8c2c2d1561,spielberg,austria,1970.0,11.0,2025.0,"piastri,norris,max_verstappen,russell",24.0,10.0,,,21.0,,,,none,dry,sunny,qualifying,yellow_flag,,,1,,,,,,,,,,True,yellow_flag,,deletion_of_the_lap_times_shown._note_competitors_are_reminded_that_they_have_th,,- Race Deleted Lap Times -Double Yellow Description
2025__c5c353214c,spielberg,austria,1970.0,11.0,2025.0,"piastri,norris,max_verstappen,russell",24.0,10.0,,,,,,,,,,,other,,,1,george_russell,british,mercedes,4,136,2,199,6.0,0,True,other,,,,
2025__62223d3a39,spielberg,austria,1970.0,11.0,2025.0,"piastri,norris,max_verstappen,russell",24.0,10.0,,,,,,,,,,,other,,,1,lewis_hamilton,british,ferrari,6,79,3,183,18.0,0,True,other,,,,
2025_qualifying_1cdd6c5aa9,baku,azerbaijan,2016.0,17.0,2025.0,"piastri,norris,max_verstappen,russell",24.0,10.0,,,26.0,,,,none,wet,rain,qualifying,other,,,1,kimi_antonelli,italian,mercedes,8,66,3,260,0.0,5,True,other,,reprimand,,"Breach of Appendix H, Article 2.5.5 b) of the International Sporting Code."
2025_race_77b82ec55d,baku,azerbaijan,2016.0,17.0,2025.0,"piastri,norris,max_verstappen,russell",24.0,10.0,,,51.0,,,,safety_car,dry,sunny,race,other,,,1,fernando_alonso,spanish,aston_martin,12,30,6,62,24.0,0,True,other,,5s_time_penalty,,Breach of Article 48.1 a) of the FIA Formula One Sporting Regulations.
2025_race_fd4e2d5eaa,baku,azerbaijan,2016.0,17.0,2025.0,"piastri,norris,max_verstappen,russell",24.0,10.0,,,51.0,,,,safety_car,dry,sunny,race,other,,,1,oscar_piastri,australian,mclaren,1,324,1,617,2.0,2,True,other,,5s_time_penalty,,Breach of Article 48.1 a) of the FIA Formula One Sporting Regulations.
2025_race_8652656859,baku,azerbaijan,2016.0,17.0,2025.0,"piastri,norris,max_verstappen,russell",24.0,10.0,,,51.0,,,,safety_car,dry,sunny,race,collision,,,2,"alexander_albon,car_43","thai,","williams,","7,","70,","5,","86,",6.0,"0,",True,collision,car_23,10s_time_penalty,2.0,"Breach of Appendix L, Chapter IV, Article 2 d) of the FIA International Sporting Code."
2025_practice_09523646dc,baku,azerbaijan,2016.0,17.0,2025.0,"piastri,norris,max_verstappen,russell",24.0,10.0,,,19.0,,,,safety_car,dry,sunny,practice,yellow_flag,,,2,"nico_hulkenberg,car_44","german,","audi,","10,","37,","8,","55,",15.0,"0,",True,yellow_flag,,no_penalty_is_applied,,"Breach of Appendix H, Article 2.5.5 b) of the International Sporting Code."
2025__1910d8a71b,baku,azerbaijan,2016.0,17.0,2025.0,"piastri,norris,max_verstappen,russell",24.0,10.0,,,,,,,,,,,other,,,1,oscar_piastri,australian,mclaren,1,324,1,617,2.0,2,True,other,,,,
2025_practice_e85d9a557e,baku,azerbaijan,2016.0,17.0,2025.0,"piastri,norris,max_verstappen,russell",24.0,10.0,,,19.0,,,,safety_car,dry,sunny,practice,yellow_flag,,,1,oscar_piastri,australian,mclaren,1,324,1,617,2.0,2,True,yellow_flag,,reprimand,,"Breach of Appendix H, Article 2.5.5 b) of the International Sporting Code. Failing to slow under yellow flags at 16:33."
2025__9e95d6f2c9,baku,azerbaijan,2016.0,17.0,2025.0,"piastri,norris,max_verstappen,russell",24.0,10.0,,,,,,,,,,,other,,,1,nico_hulkenberg,german,audi,10,37,8,55,15.0,0,True,other,,,,
2025_qualifying_90da63a088,baku,azerbaijan,2016.0,17.0,2025.0,"piastri,norris,max_verstappen,russell",24.0,10.0,,,26.0,,,,none,wet,rain,qualifying,other,,,1,,,,,,,,,,True,other,none,no_further_action,,"Alleged breach of Article 33.4 of the FIA Formula One Sporting Regulations and Article 12.2.1 i) of the FIA International Sporting Code (non-compliance with the Race Director’s Event Notes, item 1,"
2025_qualifying_88642087ac,baku,azerbaijan,2016.0,17.0,2025.0,"piastri,norris,max_verstappen,russell",24.0,10.0,,,26.0,,,,none,wet,rain,qualifying,other,,,1,esteban_ocon,french,haas,13,28,9,44,9.0,1,True,other,,disqualification,,Breach of Article 3.15.17of the FIA Technical Regulations - Rear wing main plane tip deflection test.
2025_qualifying_845fa9448f,baku,azerbaijan,2016.0,17.0,2025.0,"piastri,norris,max_verstappen,russell",24.0,10.0,,,26.0,,,,none,wet,rain,qualifying,other,,,1,,,,,,,,,,True,other,,deletion_of_the_lap_times_shown_in_accordance_with_article_12.4.1.e_of_the_fia_i,,- Qualifying Deleted Lap Times Description
2025_race_3b9d36df15,bahrain,bahrain,2004.0,4.0,2025.0,"norris,max_verstappen,piastri,russell",24.0,10.0,,,57.0,,,,safety_car,dry,sunny,race,other,,,1,george_russell,british,mercedes,4,45,2,75,6.0,0,True,other,,no_penalty_is_applied.,,Breach of Article 22.1 h) of the FIA Formula One Sporting Regulations
2025__71f25c4d9f,bahrain,bahrain,2004.0,4.0,2025.0,"norris,max_verstappen,piastri,russell",24.0,10.0,,,,,,,,,,,other,,,1,luke_browning,,,,,,,,0,True,other,,,,
2025_race_59c6037a3a,bahrain,bahrain,2004.0,4.0,2025.0,"norris,max_verstappen,piastri,russell",24.0,10.0,,,57.0,,,,safety_car,dry,sunny,race,other,,,2,"carlos_sainz,car_12","spanish,","williams,","15,","1,","5,","19,",10.0,"0,",True,other,,10s_time_penalty,2.0,"Breach of Appendix L, Chapter IV, Article 2 b) of the International Sporting Code."
2025_practice_8254f9b8d1,bahrain,bahrain,2004.0,4.0,2025.0,"norris,max_verstappen,piastri,russell",24.0,10.0,,,88.0,,,,none,dry,sunny,practice,pit_lane,,,2,"yuki_tsunoda,car_23","japanese,","racing_bulls,","14,","3,","8,","7,",4.0,"0,",True,pit_lane,,reprimand,,"Breach of Appendix L, Chapter IV, Article 5 d) of the International Sporting Code."
2025_race_1ecd7556b8,bahrain,bahrain,2004.0,4.0,2025.0,"norris,max_verstappen,piastri,russell",24.0,10.0,,,57.0,,,,safety_car,dry,sunny,race,other,,,2,"liam_lawson,car_18","new_zealander,","red_bull,","18,","0,","3,","61,",2.0,"0,",True,other,,5s_time_penalty,1.0,"Breach of Appendix L, Chapter IV, Article 2 d) of the FIA International Sporting Code."
2025_qualifying_f698efdd1b,bahrain,bahrain,2004.0,4.0,2025.0,"norris,max_verstappen,piastri,russell",24.0,10.0,,,20.0,,,,none,dry,sunny,qualifying,track_limits,,,1,nico_hulkenberg,german,audi,11,6,9,6,15.0,0,True,track_limits,,the_lap_time_of_1:31.998_of_car_27_recorded_in_q1_is_deleted._all_lap_times_of_c,,"Breach of Appendix L Chapter IV Article 2 c) of the FIA International Sporting Code and non-compliance with the Race Director’s Event Notes, item 17,"
2025_qualifying_5e8cc868ba,bahrain,bahrain,2004.0,4.0,2025.0,"norris,max_verstappen,piastri,russell",24.0,10.0,,,20.0,,,,none,dry,sunny,qualifying,other,,,1,,,,,,,,,,True,other,,deletion_of_the_lap_times_shown_in_accordance_with_article_12.4.1.e_of_the_fia_i,,- Qualifying Deleted Lap Times Description Qualifying Deleted Lap Times Enclosed BRN DOC 30 - Qualifying Deleted Lap Times.pdf Garry Connelly Mathieu Remmerie Vitantonio Liuzzi Mazen Al Hilli 2025 BAHRAIN GRAND PRIX 11 – 13 April 2025 From The Stewards
2025_race_2fa76babc1,bahrain,bahrain,2004.0,4.0,2025.0,"norris,max_verstappen,piastri,russell",24.0,10.0,,,57.0,,,,safety_car,dry,sunny,race,technical,,,1,nico_hulkenberg,german,audi,11,6,9,6,15.0,0,True,technical,,disqualification,,Breach of Article 3.5.9 e) of the FIA Formula One Technical Regulations.
2025_practice_37b35e6d6d,bahrain,bahrain,2004.0,4.0,2025.0,"norris,max_verstappen,piastri,russell",24.0,10.0,,,88.0,,,,none,dry,sunny,practice,other,,,2,"alexander_albon,car_46","thai,","williams,","7,","18,","5,","19,",6.0,"0,",True,other,,"the_competitor_(atlassian_williams_racing)_is_fined_€7,500.",,Breach of Article 37.5 of the FIA Formula One Sporting Regulations.
2025_race_bfbdf59dc3,bahrain,bahrain,2004.0,4.0,2025.0,"norris,max_verstappen,piastri,russell",24.0,10.0,,,57.0,,,,safety_car,dry,sunny,race,other,,,1,lando_norris,british,mclaren,1,62,1,111,6.0,0,True,other,,5s_time_penalty,,Breach of Article 48.1 c) of the FIA Formula One Sporting Regulations.
2025_qualifying_b715030d8d,bahrain,bahrain,2004.0,4.0,2025.0,"norris,max_verstappen,piastri,russell",24.0,10.0,,,20.0,,,,none,dry,sunny,qualifying,pit_lane,,,1,kimi_antonelli,italian,mercedes,5,30,2,75,0.0,0,True,pit_lane,,drop_of_1_grid_position_for_the_next_race_in_which_the_driver_participates.,,"Breach of Article 12.2.1 i) of the International Sporting Code and non-compliance with Race Director’s Event Note (item 19,"
2025_qualifying_d6f37adaf4,bahrain,bahrain,2004.0,4.0,2025.0,"norris,max_verstappen,piastri,russell",24.0,10.0,,,20.0,,,,none,dry,sunny,qualifying,pit_lane,,,1,george_russell,british,mercedes,4,45,2,75,6.0,0,True,pit_lane,,drop_of_1_grid_position_for_the_next_race_in_which_the_driver_participates.,,"Breach of Article 12.2.1 i) of the International Sporting Code and non-compliance with Race Director’s Event Note (item 19,"
2025_race_9fc679b982,bahrain,bahrain,2004.0,4.0,2025.0,"norris,max_verstappen,piastri,russell",24.0,10.0,,,57.0,,,,safety_car,dry,sunny,race,other,,,1,jack_doohan,australian,alpine,19,0,10,0,1.0,4,True,other,,5s_time_penalty,,Breach of Article 33.3 of the FIA Formula One Sporting Regulations.
2025_race_5efc51f51e,bahrain,bahrain,2004.0,4.0,2025.0,"norris,max_verstappen,piastri,russell",24.0,10.0,,,57.0,,,,safety_car,dry,sunny,race,other,,,2,"liam_lawson,car_27","new_zealander,","red_bull,","18,","0,","3,","61,",2.0,"1,",True,other,,10s_time_penalty,2.0,"Breach of Appendix L, Chapter IV, Article 2 d) of the FIA International Sporting Code."
2025_qualifying_df99c3d552,spa,belgium,1950.0,13.0,2025.0,"piastri,norris,max_verstappen,russell",24.0,10.0,,,21.0,,,,none,dry,sunny,qualifying,other,,,1,carlos_sainz,spanish,williams,15,13,5,59,10.0,2,True,other,,required_to_start_the_race_from_the_pit_lane.,,Breach of Article 40.9 of the FIA Formula One Sporting Regulations.
2025_qualifying_ca014c4dcb,spa,belgium,1950.0,13.0,2025.0,"piastri,norris,max_verstappen,russell",24.0,10.0,,,21.0,,,,none,dry,sunny,qualifying,blocking,,,2,"pierre_gasly,car_22","french,","alpine,","13,","19,","10,","19,",8.0,"0,",True,blocking,none,no_further_action,,Alleged breach of Article 37.5 of the FIA Formula One Sporting Regulations.
"2025_must form up in a line in the fast lane and leave in the order they got there. it is noted that the car will be considered to be in the fast lane when a tyre has crossed the solid white line separating the fast lane from the inner lane. in this context “crossing” means that all of the tyre should be beyond the far side….of the line…” in this case, no tyre of car 27 complied with the above prior to the start of the session, in which case, car 18 is considered to have priority in the line. therefore car 27 should have merged into the line when there was a “suitable gap” and in this case no such gap existed. at all times the driver of car 27 was following team instructions either by radio or hand signal from a team member. accordingly, car 27 breached article 34.8 and the penalty is applied to the team. in relation to the subsequent collision that occurred, both cars appeared to move, under instructions from their team, at the same_244c071d03",spa,belgium,1950.0,13.0,2025.0,"piastri,norris,max_verstappen,russell",24.0,10.0,,,,,,,,,,"must form up in a line in the fast lane and leave in the order they got there. it is noted that the car will be considered to be in the fast lane when a tyre has crossed the solid white line separating the fast lane from the inner lane. in this context “crossing” means that all of the tyre should be beyond the far side….of the line…” in this case, no tyre of car 27 complied with the above prior to the start of the session, in which case, car 18 is considered to have priority in the line. therefore car 27 should have merged into the line when there was a “suitable gap” and in this case no such gap existed. at all times the driver of car 27 was following team instructions either by radio or hand signal from a team member. accordingly, car 27 breached article 34.8 and the penalty is applied to the team. in relation to the subsequent collision that occurred, both cars appeared to move, under instructions from their team, at the same",pit_lane,,,1,,,,,,,,,,True,pit_lane,,1:,,- Car 27 - Pit Lane incident Description
2025__cb892e4422,spa,belgium,1950.0,13.0,2025.0,"piastri,norris,max_verstappen,russell",24.0,10.0,,,,,,,,,,,other,,,1,pierre_gasly,french,alpine,13,19,10,19,8.0,0,True,other,,,,
2025_qualifying_35e64b7004,spa,belgium,1950.0,13.0,2025.0,"piastri,norris,max_verstappen,russell",24.0,10.0,,,21.0,,,,none,dry,sunny,qualifying,other,,,1,,,,,,,,,,True,other,,deletion_of_the_lap_times_shown_in_accordance_with_article_12.4.1.e_of_the_fia_i,,Breach of Appendix L Chapter IV Article 2 c) of the FIA International Sporting Code and Article 33.3 of the FIA Formula One Sporting Regulations.
2025_qualifying_b79ab0920e,spa,belgium,1950.0,13.0,2025.0,"piastri,norris,max_verstappen,russell",24.0,10.0,,,21.0,,,,none,dry,sunny,qualifying,other,,,1,kimi_antonelli,italian,mercedes,7,63,3,210,0.0,2,True,other,,required_to_start_the_race_from_the_pit_lane.,,Breaches of Articles 28.2 and 40.3 and 40.9 of the FIA Formula One Sporting Regulations.
2025_qualifying_2bceabcf3c,spa,belgium,1950.0,13.0,2025.0,"piastri,norris,max_verstappen,russell",24.0,10.0,,,21.0,,,,none,dry,sunny,qualifying,other,,,1,,,,,,,,,,True,other,none,no_further_action,,"Alleged breach of Article 33.4 of the FIA Formula One Sporting Regulations and Article 12.2.1 i) of the FIA International Sporting Code (non-compliance with the Race Director’s Event Notes (V3), item 1,"
2025_qualifying_1b4a8ba9ab,spa,belgium,1950.0,13.0,2025.0,"piastri,norris,max_verstappen,russell",24.0,10.0,,,21.0,,,,none,dry,sunny,qualifying,other,,,1,fernando_alonso,spanish,aston_martin,14,16,8,36,24.0,0,True,other,,required_to_start_the_race_from_the_pit_lane.,,Breaches of Articles 28.2 and 40.3 and 40.9 of the FIA Formula One Sporting Regulations.
2025_sprint_f94dbc341e,spa,belgium,1950.0,13.0,2025.0,"piastri,norris,max_verstappen,russell",24.0,10.0,,,15.0,,,,none,dry,sunny,sprint,other,,,1,franco_colapinto,argentine,alpine,20,0,10,19,1.0,1,True,other,,required_to_start_the_sprint_from_the_pit_lane.,,Breach of Article 40.9 of the FIA Formula One Sporting Regulations.
2025_qualifying_d0ea52fe74,spa,belgium,1950.0,13.0,2025.0,"piastri,norris,max_verstappen,russell",24.0,10.0,,,21.0,,,,none,dry,sunny,qualifying,other,,,1,yuki_tsunoda,japanese,racing_bulls,17,10,7,36,4.0,5,True,other,,reprimand,,"Breach of Article 33.4 of the FIA Formula One Sporting Regulations and Article 12.2.1 i) of the International Sporting Code - Non-compliance with Race Director’s Event Note (item 1,"
2025_qualifying_f6bc875635,spa,belgium,1950.0,13.0,2025.0,"piastri,norris,max_verstappen,russell",24.0,10.0,,,21.0,,,,none,dry,sunny,qualifying,other,,,1,lewis_hamilton,british,ferrari,6,103,2,222,18.0,0,True,other,,required_to_start_the_race_from_the_pit_lane,,Breaches of Articles 28.2 and 40.3 and 40.9 of the FIA Formula One Sporting Regulations.
2025_qualifying_720497309f,spa,belgium,1950.0,13.0,2025.0,"piastri,norris,max_verstappen,russell",24.0,10.0,,,21.0,,,,none,dry,sunny,qualifying,other,,,1,george_russell,british,mercedes,4,147,3,210,6.0,0,True,other,,reprimand,,"Breach of Article 33.4 of the FIA Formula One Sporting Regulations and Article 12.2.1 i) of the International Sporting Code - Non-compliance with Race Director’s Event Note (item 1,"
2025_sprint_399ff8cb9d,spa,belgium,1950.0,13.0,2025.0,"piastri,norris,max_verstappen,russell",24.0,10.0,,,15.0,,,,none,dry,sunny,sprint,other,,,1,,,,,,,,,,True,other,,deletion_of_the_lap_times_shown_in_accordance_with_article_12.4.1.e_of_the_fia_i,,Breach of Appendix L Chapter IV Article 2 c) of the FIA International Sporting Code and Article 33.3 of the FIA Formula One Sporting Regulations.
2025_race_1e925f2ad3,spa,belgium,1950.0,13.0,2025.0,"piastri,norris,max_verstappen,russell",24.0,10.0,,,44.0,,,,safety_car,dry,sunny,race,other,,,1,,,,,,,,,,True,other,,deletion_of_the_lap_times_shown_in_accordance_with_article_12.4.1.e_of_the_fia_i,,- Race Deleted Lap Times Description
2025_race_f9c047be21,silverstone,uk,1950.0,12.0,2025.0,"piastri,norris,max_verstappen,russell",24.0,10.0,,,52.0,,,,safety_car,dry,sunny,race,collision,,,1,esteban_ocon,french,haas,9,23,7,29,9.0,0,True,collision,car_31,no_further_action,,"Alleged breach of Appendix L, Chapter IV, Article 2 d) of the International Sporting Code."
2025_race_2bb72ed73f,silverstone,uk,1950.0,12.0,2025.0,"piastri,norris,max_verstappen,russell",24.0,10.0,,,52.0,,,,safety_car,dry,sunny,race,other,,,2,"isack_hadjar,car_12","french,","racing_bulls,","11,","21,","6,","36,",0.0,"0,",True,other,none,no_further_action,,"Alleged breach of Appendix L, Chapter IV, Article 2 d) of the FIA International Sporting Code."
2025__fe7a91f510,silverstone,uk,1950.0,12.0,2025.0,"piastri,norris,max_verstappen,russell",24.0,10.0,,,,,,,,,,,other,,,1,oliver_bearman,british,haas,18,6,7,29,,6,True,other,,,,
2025__6d2b45132d,silverstone,uk,1950.0,12.0,2025.0,"piastri,norris,max_verstappen,russell",24.0,10.0,,,,,,,,,,,other,,,1,carlos_sainz,spanish,williams,14,13,5,55,10.0,2,True,other,,,,
2025__d1fad9f98e,silverstone,uk,1950.0,12.0,2025.0,"piastri,norris,max_verstappen,russell",24.0,10.0,,,,,,,,,,,other,,,1,isack_hadjar,french,racing_bulls,11,21,6,36,0.0,0,True,other,,,,
2025_qualifying_16b3cb2078,silverstone,uk,1950.0,12.0,2025.0,"piastri,norris,max_verstappen,russell",24.0,10.0,,,21.0,,,,none,dry,sunny,qualifying,other,,,1,,,,,,,,,,True,other,none,no_further_action,,"Alleged breach of Article 33.4 of the FIA Formula One Sporting Regulations and Article 12.2.1 i) of the FIA International Sporting Code (non-compliance with the Race Director’s Event Notes, item 1,"
2025_race_cb450c757a,silverstone,uk,1950.0,12.0,2025.0,"piastri,norris,max_verstappen,russell",24.0,10.0,,,52.0,,,,safety_car,dry,sunny,race,collision,,,1,oliver_bearman,british,haas,18,6,7,29,,6,True,collision,car_31,no_further_action,,"Alleged breach of Appendix L, Chapter IV, Article 2 d) of the International Sporting Code."
2025_race_9074855642,silverstone,uk,1950.0,12.0,2025.0,"piastri,norris,max_verstappen,russell",24.0,10.0,,,52.0,,,,safety_car,dry,sunny,race,other,,,2,"yuki_tsunoda,car_87","japanese,","racing_bulls,","17,","10,","6,","36,",4.0,"4,",True,other,,10s_time_penalty,1.0,"Breach of Appendix L, Chapter IV, Article 2 d) of the FIA International Sporting Code."
2025_practice_e19dc7147a,silverstone,uk,1950.0,12.0,2025.0,"piastri,norris,max_verstappen,russell",24.0,10.0,,,30.0,,,,none,dry,sunny,practice,other,,,1,carlos_sainz,spanish,williams,14,13,5,55,10.0,2,True,other,,warning,,Breach of Article 33.4 of the FIA Formula One Sporting Regulations.
2025_race_4b4895a9c7,silverstone,uk,1950.0,12.0,2025.0,"piastri,norris,max_verstappen,russell",24.0,10.0,,,52.0,,,,safety_car,dry,sunny,race,other,,,1,,,,,,,,,,True,other,,deletion_of_the_lap_times_shown_in_accordance_with_article_12.4.1.e_of_the_fia_i,,- Race Deleted Lap Times Description Race Deleted Lap Times Enclosed GBR DOC 46 - Race Deleted Lap Times.pdf Nish Shetty Mathieu Remmerie Vitantonio Liuzzi Richard Norbury 2025 BRITISH GRAND PRIX 04 – 06 July 2025 From The Stewards
2025_qualifying_31a2d5db50,silverstone,uk,1950.0,12.0,2025.0,"piastri,norris,max_verstappen,russell",24.0,10.0,,,21.0,,,,none,dry,sunny,qualifying,other,,,1,franco_colapinto,argentine,alpine,20,0,10,11,1.0,1,True,other,,required_to_start_the_race_from_the_pit_lane.,,"Breaches of Articles 28.2, 40.3 and 40.9 of the FIA Formula One Sporting Regulations."
2025_practice_9d7432e036,silverstone,uk,1950.0,12.0,2025.0,"piastri,norris,max_verstappen,russell",24.0,10.0,,,30.0,,,,none,dry,sunny,practice,other,,,1,oliver_bearman,british,haas,18,6,7,29,,2,True,other,,drop_of_10_grid_positions_for_the_next_race_in_which_the_driver_participates._4_,4.0,"Breach of Appendix H, Article 2.5.4.1 b) of the International Sporting Code and Article 37.6 (a) of the FIA Formula One Sporting Regualtions."
2025_race_8183cfadc1,silverstone,uk,1950.0,12.0,2025.0,"piastri,norris,max_verstappen,russell",24.0,10.0,,,52.0,,,,safety_car,dry,sunny,race,other,,,1,oscar_piastri,australian,mclaren,1,216,1,417,2.0,0,True,other,,10s_time_penalty,2.0,Breach of Article 55.15 of the FIA Formula One Sporting Regulations and Article 2.10.15 of Appendix H of the International Sporting Code.
2025_qualifying_d04cd4e2c9,montreal,canada,1978.0,10.0,2025.0,"piastri,norris,max_verstappen,russell",24.0,10.0,,,30.0,,,,none,dry,sunny,qualifying,other,,,1,esteban_ocon,french,haas,10,20,7,26,9.0,0,True,other,,reprimand,,"Breach of Article 12.2.1 i) of the International Sporting Code and non-compliance with Race Director’s Event Note (item 1,"
2025__31879f5899,montreal,canada,1978.0,10.0,2025.0,"piastri,norris,max_verstappen,russell",24.0,10.0,,,,,,,,,,,other,,,1,gabriel_bortoleto,brazilian,audi,19,0,8,16,1.0,0,True,other,,,,
2025_practice_bd8bb5b770,montreal,canada,1978.0,10.0,2025.0,"piastri,norris,max_verstappen,russell",24.0,10.0,8.0,23,31.0,25.806452,,,none,dry,sunny,practice,pit_lane,,,1,alexander_albon,thai,williams,8,42,5,54,6.0,0,True,pit_lane,,the_competitor_(williams_racing)_is_fined_€100.,,Breach of Article 34.7 of the FIA Formula One Sporting Regulations.
2025__935b1ff608,montreal,canada,1978.0,10.0,2025.0,"piastri,norris,max_verstappen,russell",24.0,10.0,,,,,,,,,,,other,,,2,"car_1,car_63",",",",",",",",",",",",",",",",",True,other,,20._the_protest_is_rejected_as_it_is_not_founded._21._the_protest_deposit_is_for,,"by Car 1. 11. Red Bull suggested that the driver of Car 63 complained about the overtake on his team radio knowing that it would be overheard by race control and in the hope that Car 1 would be investigated. 12. They also suggested that it must have been obvious to the driver for Car 63 that the race would end under safety car such that it was unnecessary for Car 63 to maintain heat in tyres and brakes. Mercedes’ arguments in defence: 13. The driver of Car 63 explained that: - periodic braking is commonplace and to be expected during safety car deployments to ensure that temperature is maintained in tyres and brakes; - on the back straight he found himself catching the safety car. He pointed to in-car video which showed him gesticulating with his hand which he said was to signal to the safety car driver to speed up; - he braked where he did for two reasons. First to ensure he kept a gap to the safety car. Secondly, to keep temperature in his brakes and tyres; - he looked in his mirrors before he braked to check whether Car 1 was immediately behind and only braked after he saw that Car 1 was to the side; - his telemetry showed that the brake pressure he applied was 30psi which he said was not severe; - the driver of Car 1 ought to have anticipated that he might apply brake to keep heat in his brakes and tyres; - it is not the responsibility of the Car ahead to look out for the following Car in any event; - by pointing out to his team that Car 1 had overtaken he was not intending to provoke an investigation into Car 1; - he did not know that the race would definitely end under safety car. 14. Mercedes submitted that what the driver of Car 63 had said over team radio was nothing other than factual. The team lodged no complaint with race control about the Car overtake because the position was given back by Car 1. 15. Mercedes also tendered telemetry showing brake patterns of both Car 63 and Car 1 on several laps under safety car which they said showed that the driver of Car 1 had been braking on the same straight on other laps under the safety car – which they said showed that what the driver of Car 63 was unremarkable. Submissions of the FIA 16. Mr Malyon explained that the incident had been observed by the race control team and assessed to not warrant being reported to the stewards. He said that periodic braking under safety car is typical and to be expected. He said that for this reason, race control always allows a degree of tolerance with respect to the 10 car length rule recognising that there is a need for a reasonable degree of braking and acceleration. Conclusions of the Stewards 17. Having regard to the evidence of Mr Malyon, we accept the driver of Car 63’s explanation of the incident and we are satisfied that the driver of Car 63 did not drive erratically by braking where he did or to the extent he did. 18. We are not satisfied that by simply reporting to his team that Car 1 had overtaken that he engaged in unsportsmanlike conduct. 19. Even though the protest did not allege it, we are also satisfied that by braking where and when he did and to the extent he did, the driver of Car 63 did not engage in unsportsmanlike conduct."
2025_qualifying_d5cb5f9bb7,montreal,canada,1978.0,10.0,2025.0,"piastri,norris,max_verstappen,russell",24.0,10.0,,,30.0,,,,none,dry,sunny,qualifying,other,,,1,,,,,,,,,,True,other,none,no_further_action,,"Alleged breach of Article 33.4 of the FIA Formula One Sporting Regulations and Article 12.2.1 i) of the FIA International Sporting Code (non-compliance with the Race Director’s Event Notes, item 1,"
2025_race_8e9a2110ef,montreal,canada,1978.0,10.0,2025.0,"piastri,norris,max_verstappen,russell",24.0,10.0,,,70.0,,,,safety_car,dry,sunny,race,overtaking,,,1,pierre_gasly,french,alpine,14,11,10,11,8.0,0,True,overtaking,,warning,,Breach of Article 55.8 of the 2025 FIA Formula 1 Sporting Regulations.
2025_qualifying_923ac36680,montreal,canada,1978.0,10.0,2025.0,"piastri,norris,max_verstappen,russell",24.0,10.0,,,30.0,,,,none,dry,sunny,qualifying,other,,,1,pierre_gasly,french,alpine,14,11,10,11,8.0,0,True,other,,required_to_start_the_race_from_the_pit_lane.,,Breaches of Articles 28.2 and 40.3 of the FIA Formula One Sporting Regulations. Breach of Article 40.9 of the FIA Formula One Sporting Regulations.
2025_race_979577b1ba,montreal,canada,1978.0,10.0,2025.0,"piastri,norris,max_verstappen,russell",24.0,10.0,,,70.0,,,,safety_car,dry,sunny,race,other,,,1,lance_stroll,canadian,aston_martin,12,14,9,16,8.0,1,True,other,,10s_time_penalty,2.0,"Alleged breach / Breach of Appendix L, Chapter IV, Article 2 b) of the International Sporting Code."
2025_race_ce982b7c63,montreal,canada,1978.0,10.0,2025.0,"piastri,norris,max_verstappen,russell",24.0,10.0,,,70.0,,,,safety_car,dry,sunny,race,overtaking,,,1,kimi_antonelli,italian,mercedes,7,48,3,159,0.0,0,True,overtaking,,warning,,Breach of Article 55.8 of the 2025 FIA Formula 1 Sporting Regulations.
2025_race_fd442945a1,montreal,canada,1978.0,10.0,2025.0,"piastri,norris,max_verstappen,russell",24.0,10.0,,,70.0,,,,safety_car,dry,sunny,race,pit_lane,,,1,esteban_ocon,french,haas,10,20,7,26,9.0,0,True,pit_lane,none,no_further_action,,"Alleged breach of Appendix L, Chapter IV, Article 2 e) of the International Sporting Code."
2025_race_ac3065288b,montreal,canada,1978.0,10.0,2025.0,"piastri,norris,max_verstappen,russell",24.0,10.0,,,70.0,,,,safety_car,dry,sunny,race,other,,,2,"lando_norris,car_81","british,","mclaren,","2,","176,","1,","362,",6.0,"0,",True,other,,5s_time_penalty,,"Breach of Appendix L, Chapter IV, Article 2 d) of the FIA International Sporting Code."
2025_qualifying_1d102dabf5,montreal,canada,1978.0,10.0,2025.0,"piastri,norris,max_verstappen,russell",24.0,10.0,,,30.0,,,,none,dry,sunny,qualifying,other,,,1,liam_lawson,new_zealander,red_bull,17,4,4,144,2.0,4,True,other,,required_to_start_the_race_from_the_pit_lane.,,Breaches of Articles 28.2 and 40.3 of the FIA Formula One Sporting Regulations. Breach of Article 40.9 of the FIA Formula One Sporting Regulations.
2025_practice_480072ac60,montreal,canada,1978.0,10.0,2025.0,"piastri,norris,max_verstappen,russell",24.0,10.0,,,31.0,,,,none,dry,sunny,practice,other,,,2,"gabriel_bortoleto,car_87","brazilian,","audi,","19,","0,","8,","16,",1.0,"0,",True,other,none,no_further_action,,"Alleged breach of Appendix H, Article 2.5.4.1 b) of the International Sporting Code."
2025_race_ae260109fd,montreal,canada,1978.0,10.0,2025.0,"piastri,norris,max_verstappen,russell",24.0,10.0,,,70.0,,,,safety_car,dry,sunny,race,overtaking,,,1,oscar_piastri,australian,mclaren,1,186,1,362,2.0,0,True,overtaking,,warning,,Breach of Article 55.8 of the 2025 FIA Formula 1 Sporting Regulations.
2025_practice_0948f9fc0c,montreal,canada,1978.0,10.0,2025.0,"piastri,norris,max_verstappen,russell",24.0,10.0,,,31.0,,,,none,dry,sunny,practice,other,,,2,"yuki_tsunoda,car_81","japanese,","racing_bulls,","15,","10,","6,","28,",4.0,"0,",True,other,,drop_of_10_grid_positions_for_the_next_race_in_which_the_driver_participates._2_,2.0,"Breach of Appendix H, Article 2.5.4.1 b) of the International Sporting Code."
2025_practice_286f2e9bbe,montreal,canada,1978.0,10.0,2025.0,"piastri,norris,max_verstappen,russell",24.0,10.0,,,31.0,,,,none,dry,sunny,practice,pit_lane,,,1,george_russell,british,mercedes,4,111,3,159,6.0,0,True,pit_lane,,the_competitor_(mercedes-_amg_petronas_f1_team)_is_fined_€100.,,Breach of Article 34.7 of the FIA Formula One Sporting Regulations.
2025_qualifying_ea2001db45,montreal,canada,1978.0,10.0,2025.0,"piastri,norris,max_verstappen,russell",24.0,10.0,,,30.0,,,,none,dry,sunny,qualifying,blocking,,,2,"isack_hadjar,car_55","french,","racing_bulls,","9,","21,","6,","28,",0.0,"0,",True,blocking,,drop_of_3_grid_positions_for_the_next_race_in_which_the_driver_participates.,,Breach of Article 37.5 of the FIA Formula One Sporting Regulations.
2025_practice_8e527d0178,montreal,canada,1978.0,10.0,2025.0,"piastri,norris,max_verstappen,russell",24.0,10.0,,,31.0,,,,none,dry,sunny,practice,pit_lane,,,1,george_russell,british,mercedes,4,111,3,159,6.0,0,True,pit_lane,,the_competitor_(mercedes-_amg_petronas_f1_team)_is_fined_€100.,,Breach of Article 34.7 of the FIA Formula One Sporting Regulations.
2025_race_b5ad11cdbb,montreal,canada,1978.0,10.0,2025.0,"piastri,norris,max_verstappen,russell",24.0,10.0,,,70.0,,,,safety_car,dry,sunny,race,overtaking,,,1,esteban_ocon,french,haas,10,20,7,26,9.0,0,True,overtaking,,warning,,Breach of Article 55.8 of the 2025 FIA Formula 1 Sporting Regulations.
2025__84eb54c369,montreal,canada,1978.0,10.0,2025.0,"piastri,norris,max_verstappen,russell",24.0,10.0,,,,,,,,,,,other,,,1,max_verstappen,dutch,red_bull,3,137,4,144,10.0,3,True,other,,,,
2025_race_8b3d73c775,montreal,canada,1978.0,10.0,2025.0,"piastri,norris,max_verstappen,russell",24.0,10.0,,,70.0,,,,safety_car,dry,sunny,race,other,,,1,oliver_bearman,british,haas,16,6,7,26,,2,True,other,,warning,,Breach of Article 12.2.1 i) of the FIA International Sporting Code.
2025_race_b96c3cf34d,montreal,canada,1978.0,10.0,2025.0,"piastri,norris,max_verstappen,russell",24.0,10.0,,,70.0,,,,safety_car,dry,sunny,race,overtaking,,,1,carlos_sainz,spanish,williams,13,12,5,54,10.0,2,True,overtaking,,warning,,Breach of Article 55.8 of the 2025 FIA Formula 1 Sporting Regulations.
2025_practice_23bf117035,montreal,canada,1978.0,10.0,2025.0,"piastri,norris,max_verstappen,russell",24.0,10.0,,,31.0,,,,none,dry,sunny,practice,other,,,1,george_russell,british,mercedes,4,111,3,159,6.0,0,True,other,,warning,,"Breach of Article 12.2.1 i) of the International Sporting Code - Non-compliance with Race Director’s Event Note (item 17.3,"
2025_race_6bad943deb,montreal,canada,1978.0,10.0,2025.0,"piastri,norris,max_verstappen,russell",24.0,10.0,,,70.0,,,,safety_car,dry,sunny,race,overtaking,,,1,charles_leclerc,monegasque,ferrari,5,94,2,165,7.0,0,True,overtaking,,warning,,Breach of Article 55.8 of the 2025 FIA Formula 1 Sporting Regulations.
2025_practice_f5be4d9825,montreal,canada,1978.0,10.0,2025.0,"piastri,norris,max_verstappen,russell",24.0,10.0,,,31.0,,,,none,dry,sunny,practice,pit_lane,,,1,oscar_piastri,australian,mclaren,1,186,1,362,2.0,0,True,pit_lane,,the_competitor_(mclaren_formula_1_team)_is_fined_€100.,,Breach of Article 34.7 of the FIA Formula One Sporting Regulations.
2025_reconnaissance laps_1b31146e31,shanghai,china,2004.0,2.0,2025.0,"norris,max_verstappen,russell,antonelli",24.0,10.0,,,56.0,,,,none,dry,sunny,reconnaissance laps,other,,,1,yuki_tsunoda,japanese,racing_bulls,12,0,9,0,4.0,0,True,other,,warning,,"Breach of Article 12.2.1 i) of the International Sporting Code and non-compliance with Race Director’s Event Note (item 10,"
2025_sprint_2ec7d13f2c,shanghai,china,2004.0,2.0,2025.0,"norris,max_verstappen,russell,antonelli",24.0,10.0,,,19.0,,,,none,dry,sunny,sprint,collision,,,2,"liam_lawson,car_7","new_zealander,","red_bull,","-,","0,","3,","18,",2.0,"0,",True,collision,none,no_further_action,,"Alleged breach of Appendix L, Chapter IV, Article 2 d) of the FIA International Sporting Code."
2025_sprint_65b47fbfab,shanghai,china,2004.0,2.0,2025.0,"norris,max_verstappen,russell,antonelli",24.0,10.0,,,19.0,,,,none,dry,sunny,sprint,collision,,,2,"jack_doohan,car_5","australian,","alpine,","-,","0,","8,","0,",1.0,"0,",True,collision,car_7,10s_time_penalty,2.0,"Breach of Appendix L, Chapter IV, Article 2 d) of the FIA International Sporting Code."
2025_race_47adfa78e4,shanghai,china,2004.0,2.0,2025.0,"norris,max_verstappen,russell,antonelli",24.0,10.0,,,56.0,,,,none,dry,sunny,race,technical,,,1,lewis_hamilton,british,ferrari,10,1,7,5,18.0,0,True,technical,,disqualification,,Breach of Article 3.5.9 of the FIA Formula One Technical Regulations.
2025__bf55898faf,shanghai,china,2004.0,2.0,2025.0,"norris,max_verstappen,russell,antonelli",24.0,10.0,,,,,,,,,,,other,,,1,,,,,,,,,,True,other,,,,
2025_race_1c61ec4aa3,shanghai,china,2004.0,2.0,2025.0,"norris,max_verstappen,russell,antonelli",24.0,10.0,,,56.0,,,,none,dry,sunny,race,other,,,1,jack_doohan,australian,alpine,-,0,8,0,1.0,2,True,other,,10s_time_penalty,2.0,"Breach of Appendix L, Chapter IV, Article 2 b) of the International Sporting Code."
2025__8af6f36fb8,shanghai,china,2004.0,2.0,2025.0,"norris,max_verstappen,russell,antonelli",24.0,10.0,,,,,,,,,,,other,,,1,charles_leclerc,monegasque,ferrari,8,4,7,5,7.0,0,True,other,,,,
2025_race_fe3c37f387,shanghai,china,2004.0,2.0,2025.0,"norris,max_verstappen,russell,antonelli",24.0,10.0,,,56.0,,,,none,dry,sunny,race,other,,,1,pierre_gasly,french,alpine,11,0,8,0,8.0,0,True,other,,disqualification,,Breach of Article 4.1 of the FIA Formula One Technical Regulations.
2025_qualifying_e558a5ee1d,shanghai,china,2004.0,2.0,2025.0,"norris,max_verstappen,russell,antonelli",24.0,10.0,,,22.0,,,,none,dry,sunny,qualifying,other,,,1,,,,,,,,,,True,other,none,no_further_action,,"Alleged breach of Article 33.4 of the FIA Formula One Sporting Regulations and Article 12.2.1 i) of the FIA International Sporting Code (non-compliance with the Race Director’s Event Notes, item 2,"
2025_qualifying_e54f446d98,shanghai,china,2004.0,2.0,2025.0,"norris,max_verstappen,russell,antonelli",24.0,10.0,,,22.0,,,,none,dry,sunny,qualifying,other,,,1,nico_hulkenberg,german,audi,7,6,6,6,15.0,0,True,other,,required_to_start_the_sprint_from_the_pit_lane.,,Breach of Article 40.9 of the FIA Formula One Sporting Regulations.
2025_reconnaissance laps_59c4255ddc,shanghai,china,2004.0,2.0,2025.0,"norris,max_verstappen,russell,antonelli",24.0,10.0,,,56.0,,,,none,dry,sunny,reconnaissance laps,other,,,1,gabriel_bortoleto,brazilian,audi,-,0,6,6,1.0,0,True,other,,warning,,"Breach of Article 12.2.1 i) of the International Sporting Code and non-compliance with Race Director’s Event Note (item 10,"
2025_qualifying_76dd4a92d2,shanghai,china,2004.0,2.0,2025.0,"norris,max_verstappen,russell,antonelli",24.0,10.0,,,22.0,,,,none,dry,sunny,qualifying,pit_lane,,,2,"isack_hadjar,car_1","french,","racing_bulls,","-,","0,","9,","0,",0.0,"0,",True,pit_lane,,"the_competitor_(visa_cash_app_racing_bulls_f1_team)_is_fined_€5,000.",,Breach of Article 34.14 a) of the FIA Formula One Sporting Regulations.
2025_qualifying_f6d1079f7a,shanghai,china,2004.0,2.0,2025.0,"norris,max_verstappen,russell,antonelli",24.0,10.0,,,22.0,,,,none,dry,sunny,qualifying,blocking,,,2,"oliver_bearman,car_18","british,","haas,","14,","0,","10,","0,",",","0,",True,blocking,none,no_further_action,,Alleged breach of Article 37.5 of the FIA Formula One Sporting Regulations.
2025_qualifying_f90848dbae,shanghai,china,2004.0,2.0,2025.0,"norris,max_verstappen,russell,antonelli",24.0,10.0,,,22.0,,,,none,dry,sunny,qualifying,other,,,1,,,,,,,,,,True,other,,deletion_of_the_lap_times_shown_in_accordance_with_article_12.4.1.e_of_the_fia_i,,- Sprint Qualifying Deleted Lap Times Description Sprint Qualifying Deleted Lap Times Enclosed CHN DOC 22 - Sprint Qualifying Deleted Lap Times .pdf Nish Shetty Gerd Ennser Matthew Selley Pedro Lamy Zheng Honghai 2025 CHINESE GRAND PRIX 21 – 23 March 2025 From The Stewards
2025__a1d6da868d,shanghai,china,2004.0,2.0,2025.0,"norris,max_verstappen,russell,antonelli",24.0,10.0,,,,,,,,,,,other,,,1,jack_doohan,australian,alpine,-,0,8,0,1.0,0,True,other,,,,
2025_practice_fc8d196e12,shanghai,china,2004.0,2.0,2025.0,"norris,max_verstappen,russell,antonelli",24.0,10.0,,,27.0,,,,none,dry,sunny,practice,other,,,1,,,,,,,,,,True,other,,"the_competitor_(atlassian_williams_racing)_is_fined_€50,000_–_with_€40,000_suspe",,Breach of Articles 12.2.1 i) of the International Sporting Code.
2025_qualifying_35b9057129,shanghai,china,2004.0,2.0,2025.0,"norris,max_verstappen,russell,antonelli",24.0,10.0,,,22.0,,,,none,dry,sunny,qualifying,other,,,1,charles_leclerc,monegasque,ferrari,8,4,7,5,7.0,0,True,other,none,no_further_action,,"Alleged breach of Article 33.4 of the FIA Formula One Sporting Regulations and non- compliance with Race Director’s Event Note (item 2,"
2025_race_cc93c50b96,shanghai,china,2004.0,2.0,2025.0,"norris,max_verstappen,russell,antonelli",24.0,10.0,,,56.0,,,,none,dry,sunny,race,other,,,1,charles_leclerc,monegasque,ferrari,8,4,7,5,7.0,0,True,other,,disqualification,,Breach of Article 4.1 of the FIA Formula One Technical Regulations.
2025_qualifying_b3f1fae208,shanghai,china,2004.0,2.0,2025.0,"norris,max_verstappen,russell,antonelli",24.0,10.0,,,22.0,,,,none,dry,sunny,qualifying,other,,,1,lance_stroll,canadian,aston_martin,6,8,5,8,8.0,0,True,other,none,no_further_action,,"Alleged breach of Article 33.4 of the FIA Formula One Sporting Regulations and non- compliance with Race Director’s Event Note (item 2,"
2025_qualifying_1afa90e39b,shanghai,china,2004.0,2.0,2025.0,"norris,max_verstappen,russell,antonelli",24.0,10.0,,,22.0,,,,none,dry,sunny,qualifying,other,,,1,liam_lawson,new_zealander,red_bull,-,0,3,18,2.0,0,True,other,,required_to_start_the_race_from_the_pit_lane.,,Breach of Article 40.9 of the FIA Formula One Sporting Regulations.
2025_sprint_a3c011461d,shanghai,china,2004.0,2.0,2025.0,"norris,max_verstappen,russell,antonelli",24.0,10.0,,,19.0,,,,none,dry,sunny,sprint,other,,,1,,,,,,,,,,True,other,,deletion_of_the_lap_times_shown_in_accordance_with_article_12.4.1.e_of_the_fia_i,,- Sprint Deleted Lap Times Description Sprint Deleted Lap Times Enclosed CHN DOC 45 - Sprint Deleted Lap Times.pdf Nish Shetty Gerd Ennser Matthew Selley Pedro Lamy Zheng Honghai 2025 CHINESE GRAND PRIX 21 – 23 March 2025 From The Stewards
2025_race_105671819f,shanghai,china,2004.0,2.0,2025.0,"norris,max_verstappen,russell,antonelli",24.0,10.0,,,56.0,,,,none,dry,sunny,race,other,,,1,,,,,,,,,,True,other,,deletion_of_the_lap_times_shown_in_accordance_with_article_12.4.1.e_of_the_fia_i,,- Race Deleted Lap Times Description Race Deleted Lap Times Enclosed CHN DOC 85 - Race Deleted Lap Times.pdf Nish Shetty Gerd Ennser Matthew Selley Pedro Lamy Zheng Honghai 2025 CHINESE GRAND PRIX 21 – 23 March 2025 From The Stewards
2025_reconnaissance laps_686f546ac2,shanghai,china,2004.0,2.0,2025.0,"norris,max_verstappen,russell,antonelli",24.0,10.0,,,56.0,,,,none,dry,sunny,reconnaissance laps,other,,,1,nico_hulkenberg,german,audi,7,6,6,6,15.0,0,True,other,,warning,,"Breach of Article 12.2.1 i) of the International Sporting Code and non-compliance with Race Director’s Event Note (item 10,"
2025_qualifying_88ab9606e7,dutch,netherlands,1952.0,15.0,2025.0,"piastri,norris,max_verstappen,russell",24.0,10.0,,,22.0,,,,none,dry,sunny,qualifying,other,,,1,,,,,,,,,,True,other,none,no_further_action,,"Alleged breach of Article 33.4 of the FIA Formula One Sporting Regulations and Article 12.2.1 i) of the FIA International Sporting Code (non-compliance with the Race Director’s Event Notes, item 1,"
2025_reconnaissance laps_3b2aa7081c,dutch,netherlands,1952.0,15.0,2025.0,"piastri,norris,max_verstappen,russell",24.0,10.0,,,72.0,,,,safety_car,dry,sunny,reconnaissance laps,other,,,1,,,,,,,,,,True,other,none,no_further_action,,"Alleged breach of Article 33.4 of the FIA Formula One Sporting Regulations and Article 12.2.1 i) of the FIA International Sporting Code (non-compliance with the Race Director’s Event Notes, item 1,"
2025_qualifying_86bcfdf0db,dutch,netherlands,1952.0,15.0,2025.0,"piastri,norris,max_verstappen,russell",24.0,10.0,,,22.0,,,,none,dry,sunny,qualifying,other,,,1,max_verstappen,dutch,red_bull,3,187,4,194,10.0,3,True,other,none,no_further_action,,"Alleged breach of Article 33.4 of the FIA Formula One Sporting Regulations and Article 12.2.1.(i) of the International Sporting Code - non-compliance with Race Director’s Event Note (item 1,"
2025_practice_dba855122c,dutch,netherlands,1952.0,15.0,2025.0,"piastri,norris,max_verstappen,russell",24.0,10.0,,,35.0,,,,safety_car,dry,sunny,practice,pit_lane,,,2,"george_russell,car_14","british,","mercedes,","4,","172,","3,","236,",6.0,"0,",True,pit_lane,,warning,,Breach of Article 37.5 of the FIA Formula One Sporting Regulations
2025_race_9725a7c919,dutch,netherlands,1952.0,15.0,2025.0,"piastri,norris,max_verstappen,russell",24.0,10.0,,,72.0,,,,safety_car,dry,sunny,race,pit_lane,,,1,kimi_antonelli,italian,mercedes,7,64,3,236,0.0,4,True,pit_lane,,5s_time_penalty,,Breach of Article 34.7 of the FIA Formula One Sporting Regulations.
2025_race_ae7fa5c969,dutch,netherlands,1952.0,15.0,2025.0,"piastri,norris,max_verstappen,russell",24.0,10.0,,,72.0,,,,safety_car,dry,sunny,race,collision,,,1,george_russell,british,mercedes,4,172,3,236,6.0,0,True,collision,none,no_further_action,,"Alleged breach of Appendix L, Chapter IV, Article 2 d) of the FIA International Sporting Code."
2025_race_4c4676b4f8,dutch,netherlands,1952.0,15.0,2025.0,"piastri,norris,max_verstappen,russell",24.0,10.0,,,72.0,,,,safety_car,dry,sunny,race,collision,,,2,"kimi_antonelli,car_16","italian,","mercedes,","7,","64,","3,","236,",0.0,"2,",True,collision,car_12,10s_time_penalty,2.0,"Breach of Appendix L, Chapter IV, Article 2 d) of the FIA International Sporting Code."
2025_practice_41663bb80c,dutch,netherlands,1952.0,15.0,2025.0,"piastri,norris,max_verstappen,russell",24.0,10.0,,,35.0,,,,safety_car,dry,sunny,practice,collision,,,2,"oscar_piastri,car_63","australian,","mclaren,","1,","284,","1,","559,",2.0,"2,",True,collision,,"the_competitor_(mclaren_formula_1_team)_is_fined_€5,000.",,Breach of Article 12.2.1.h International Sporting Code
2025_race_7a4594a0e3,dutch,netherlands,1952.0,15.0,2025.0,"piastri,norris,max_verstappen,russell",24.0,10.0,,,72.0,,,,safety_car,dry,sunny,race,pit_lane,,,1,lewis_hamilton,british,ferrari,6,109,2,260,18.0,0,True,pit_lane,,drop_of_5_grid_positions_for_the_next_race_in_which_the_driver_participates._2_p,2.0,"Breach of Appendix H, Article 2.5.5 b) of the International Sporting Code and non- compliance with Race Director’s Event Notes (item 1,"
2025_qualifying_ff62095d40,dutch,netherlands,1952.0,15.0,2025.0,"piastri,norris,max_verstappen,russell",24.0,10.0,,,22.0,,,,none,dry,sunny,qualifying,other,,,1,oliver_bearman,british,haas,19,8,9,35,,6,True,other,,car_87_is_required_to_start_the_race_from_the_pit_lane_and_follow_the_procedures,,"Breaches of Articles 28.2, 40.6 and 40.9a of the 2025 Formula One Sporting Regulations."
2025_race_05f898f0b2,dutch,netherlands,1952.0,15.0,2025.0,"piastri,norris,max_verstappen,russell",24.0,10.0,,,72.0,,,,safety_car,dry,sunny,race,other,,,2,"car_30,car_55",",",",",",",",",",",",",",",",",True,other,none,was_made._20._vcarb_did_not_make_any_submissions_regarding_the_review_criteria._,,
2025_race_81d42f5ad9,dutch,netherlands,1952.0,15.0,2025.0,"piastri,norris,max_verstappen,russell",24.0,10.0,,,72.0,,,,safety_car,dry,sunny,race,collision,,,2,"carlos_sainz,car_30","spanish,","williams,","16,","16,","5,","70,",10.0,"2,",True,collision,car_55,10s_time_penalty,2.0,"Breach of Appendix L, Chapter IV, Article 2 d) of the FIA International Sporting Code."
2025_qualifying_48f98cae77,dutch,netherlands,1952.0,15.0,2025.0,"piastri,norris,max_verstappen,russell",24.0,10.0,,,22.0,,,,none,dry,sunny,qualifying,other,,,1,,,,,,,,,,True,other,,deletion_of_the_lap_time_shown_in_accordance_with_article_12.4.1.e_of_the_fia_in,,- Qualifying Deleted Lap Times Description
2025_race_e78303e300,dutch,netherlands,1952.0,15.0,2025.0,"piastri,norris,max_verstappen,russell",24.0,10.0,,,72.0,,,,safety_car,dry,sunny,race,collision,,,1,charles_leclerc,monegasque,ferrari,5,151,2,260,7.0,1,True,collision,none,no_further_action,,"Alleged breach of Appendix L, Chapter IV, Article 2 d) of the FIA International Sporting Code."
2025_race_18061ca0b8,dutch,netherlands,1952.0,15.0,2025.0,"piastri,norris,max_verstappen,russell",24.0,10.0,,,72.0,,,,safety_car,dry,sunny,race,other,,,1,gabriel_bortoleto,brazilian,audi,17,14,7,51,1.0,0,True,other,none,no_further_action,,Alleged breach of Article 26.10 of the FIA Formula One Sporting Regulations
2025_qualifying_9180391f29,emilia_romagna,italy,,7.0,2025.0,"piastri,norris,max_verstappen,russell",24.0,10.0,,,21.0,,,,none,dry,sunny,qualifying,other,,,1,yuki_tsunoda,japanese,racing_bulls,11,9,8,8,4.0,0,True,other,,required_to_start_the_race_from_the_pit_lane.,,Breach of Article 28.2 of the FIA Formula One Sporting Regulations. Breach of Article 40.9 of the FIA Formula One Sporting Regulations.
2025_practice_167e1ac8dc,emilia_romagna,italy,,7.0,2025.0,"piastri,norris,max_verstappen,russell",24.0,10.0,,,26.0,,,,none,dry,sunny,practice,pit_lane,,,1,franco_colapinto,,,,,,,1.0,0,True,pit_lane,,the_competitor_(bwt_alpine_f1_team)_is_fined_€600,,Breach of Article 34.7 of the FIA Formula One Sporting Regulations
2025_qualifying_863d3ac1f9,emilia_romagna,italy,,7.0,2025.0,"piastri,norris,max_verstappen,russell",24.0,10.0,,,21.0,,,,none,dry,sunny,qualifying,other,,,1,,,,,,,,,,True,other,none,no_further_action,,"Alleged breach of Article 33.4 of the FIA Formula One Sporting Regulations and Article 12.2.1 i) of the FIA International Sporting Code (non-compliance with the Race Director’s Event Notes, item 1,"
2025_race_674aec88db,emilia_romagna,italy,,7.0,2025.0,"piastri,norris,max_verstappen,russell",24.0,10.0,,,63.0,,,,safety_car,dry,sunny,race,other,,,1,,,,,,,,,,True,other,,deletion_of_the_lap_times_shown_in_accordance_with_article_12.4.1.e_of_the_fia_i,,- Race Deleted Lap Times Description Race Deleted Lap Times Enclosed EMI DOC 42 - Race Deleted Lap Times.pdf Nish Shetty Loïc Bacquelaine Vitantonio Liuzzi Valerio Brizzolari 2025 EMILIA ROMAGNA GRAND PRIX 16 – 18 May 2025 From The Stewards
2025__47bacb6a19,emilia_romagna,italy,,7.0,2025.0,"piastri,norris,max_verstappen,russell",24.0,10.0,,,,,,,,,,,other,,,1,franco_colapinto,,,,,,,1.0,0,True,other,,,,
2025_practice_9fde774e39,emilia_romagna,italy,,7.0,2025.0,"piastri,norris,max_verstappen,russell",24.0,10.0,,,26.0,,,,none,dry,sunny,practice,pit_lane,,,1,carlos_sainz,spanish,williams,13,7,5,37,10.0,2,True,pit_lane,,the_competitor_(atlassian_williams_racing)_is_fined_€1000.,,Breach of Article 34.7 of the FIA Formula One Sporting Regulations.
2025_qualifying_9db1bf5b10,emilia_romagna,italy,,7.0,2025.0,"piastri,norris,max_verstappen,russell",24.0,10.0,,,21.0,,,,none,dry,sunny,qualifying,pit_lane,,,1,franco_colapinto,,,,,,,1.0,0,True,pit_lane,,drop_of_1_grid_position_for_the_next_race_in_which_the_driver_participates.,,"Breach of Article 12.2.1 i) of the International Sporting Code and non-compliance with Race Director’s Event Note (item 17,"
2025_practice_36ad4f75d9,emilia_romagna,italy,,7.0,2025.0,"piastri,norris,max_verstappen,russell",24.0,10.0,,,26.0,,,,none,dry,sunny,practice,yellow_flag,,,2,"gabriel_bortoleto,car_14","brazilian,","audi,","20,","0,","10,","6,",1.0,"0,",True,yellow_flag,none,no_further_action,,"Alleged breach / Breach of Appendix H, Article 2.5.5 b) of the International Sporting Code."
2025_practice_e6a853b940,emilia_romagna,italy,,7.0,2025.0,"piastri,norris,max_verstappen,russell",24.0,10.0,,,26.0,,,,none,dry,sunny,practice,other,,,1,charles_leclerc,monegasque,ferrari,5,53,4,94,7.0,0,True,other,,"the_competitor_(scuderia_ferrari_hp)_is_fined_€5,000.",,Breach of Article 30.5 (a) of the FIA Formula One Sporting Regulations.
2025_race_f23389e3b1,emilia_romagna,italy,,7.0,2025.0,"piastri,norris,max_verstappen,russell",24.0,10.0,,,63.0,,,,safety_car,dry,sunny,race,other,,,2,"charles_leclerc,car_23","monegasque,","ferrari,","5,","53,","4,","94,",7.0,"0,",True,other,none,no_further_action,,"Alleged breach of Appendix L, Chapter IV, Article 2 b) of the International Sporting Code."
2025_qualifying_ab1bcb09c4,emilia_romagna,italy,,7.0,2025.0,"piastri,norris,max_verstappen,russell",24.0,10.0,,,21.0,,,,none,dry,sunny,qualifying,other,,,1,,,,,,,,,,True,other,,deletion_of_the_lap_times_shown_in_accordance_with_article_12.4.1.e_of_the_fia_i,,- Qualifying Deleted Lap Times Description Qualifying Deleted Lap Times Enclosed EMI DOC 30 - Qualifying Deleted Lap Times.pdf Nish Shetty Loïc Bacquelaine Vitantonio Liuzzi Valerio Brizzolari 2025 EMILIA ROMAGNA GRAND PRIX 16 – 18 May 2025 From The Stewards
2025_race_0cd1d2cfee,hungaroring,hungary,1986.0,14.0,2025.0,"piastri,norris,max_verstappen,russell",24.0,10.0,,,70.0,,,,none,dry,sunny,race,other,,,1,yuki_tsunoda,japanese,racing_bulls,17,10,7,41,4.0,5,True,other,none,no_further_action,,"Alleged breach of Appendix L, Chapter IV, Article 2 b) of the International Sporting Code."
2025_race_d5c902fef9,hungaroring,hungary,1986.0,14.0,2025.0,"piastri,norris,max_verstappen,russell",24.0,10.0,,,70.0,,,,none,dry,sunny,race,other,,,1,max_verstappen,dutch,red_bull,3,185,4,192,10.0,3,True,other,none,no_further_action,,"Alleged breach of Appendix L, Chapter IV, Article 2 b) of the International Sporting Code."
2025_race_e2e75856bb,hungaroring,hungary,1986.0,14.0,2025.0,"piastri,norris,max_verstappen,russell",24.0,10.0,,,70.0,,,,none,dry,sunny,race,other,,,1,nico_hulkenberg,german,audi,9,37,6,43,15.0,0,True,other,,5s_time_penalty,,Breach of Article 48.1 a) of the FIA Formula One Sporting Regulations.
2025_race_894894b7b4,hungaroring,hungary,1986.0,14.0,2025.0,"piastri,norris,max_verstappen,russell",24.0,10.0,,,70.0,,,,none,dry,sunny,race,other,,,2,"pierre_gasly,car_55","french,","alpine,","12,","20,","10,","20,",8.0,"0,",True,other,,10s_time_penalty,2.0,"Breach of Appendix L, Chapter IV, Article 2 d) of the International Sporting Code."
2025_qualifying_bd20afa5bb,hungaroring,hungary,1986.0,14.0,2025.0,"piastri,norris,max_verstappen,russell",24.0,10.0,,,18.0,,,,none,dry,sunny,qualifying,other,,,1,yuki_tsunoda,japanese,racing_bulls,17,10,7,41,4.0,5,True,other,,required_to_start_the_race_from_the_pit_lane.,,"Breaches of Articles 28.2, 40.3 and 40.9 of the FIA Formula One Sporting Regulations."
2025_practice_bd1d70bba7,hungaroring,hungary,1986.0,14.0,2025.0,"piastri,norris,max_verstappen,russell",24.0,10.0,,,31.0,,,,safety_car,dry,sunny,practice,other,,,1,max_verstappen,dutch,red_bull,3,185,4,192,10.0,3,True,other,,warning,,Breach of Article 34.14 c) of the FIA Formula One Sporting Regulations.
2025_race_bda0708c84,hungaroring,hungary,1986.0,14.0,2025.0,"piastri,norris,max_verstappen,russell",24.0,10.0,,,70.0,,,,none,dry,sunny,race,other,,,2,"charles_leclerc,car_63","monegasque,","ferrari,","5,","139,","2,","248,",7.0,"0,",True,other,,5s_time_penalty,1.0,"Breach of Appendix L, Chapter IV, Article 2 e) of the International Sporting Code."
2025_practice_fafb92adb6,monza,italy,1950.0,16.0,2025.0,"piastri,norris,max_verstappen,russell",24.0,10.0,,,28.0,,1.0,,safety_car,dry,sunny,practice,other,,,1,isack_hadjar,french,racing_bulls,10,37,7,60,0.0,0,True,other,,warning,,"of such nature during the weekend and repeat offences regularly warrant more severe penalties, the Stewards acknowledge that the incident happened at a low speed with no other cars around and no dangerous situation was caused in any way. The team and the driver were informed that another similar"
2025_practice_0d385d3f71,monza,italy,1950.0,16.0,2025.0,"piastri,norris,max_verstappen,russell",24.0,10.0,,,28.0,,,,safety_car,dry,sunny,practice,yellow_flag,,,2,"gabriel_bortoleto,car_30","brazilian,","audi,","18,","14,","8,","51,",1.0,"0,",True,yellow_flag,,no_penalty_applied.,,"Breach of Appendix H, Article 2.5.5 b) of the FIA International Sporting Code."
2025_qualifying_7535832bfd,monza,italy,1950.0,16.0,2025.0,"piastri,norris,max_verstappen,russell",24.0,10.0,,,22.0,,,,none,dry,sunny,qualifying,other,,,1,isack_hadjar,french,racing_bulls,10,37,7,60,0.0,0,True,other,,required_to_start_the_race_from_the_pit_lane.,,Breaches of Articles 28.2 and 40.3 of the FIA Formula One Sporting Regulations.
2025_race_0386a77940,monza,italy,1950.0,16.0,2025.0,"piastri,norris,max_verstappen,russell",24.0,10.0,,,53.0,,1.0,,none,dry,sunny,race,other,,,1,carlos_sainz,spanish,williams,17,16,5,80,10.0,4,True,other,,reprimand,,"Breach of Article 12.2.1 i) of the FIA International Sporting Code and non-compliance with Race Director’s Event Notes (item 20.2,"
2025_race_f9673e175c,monza,italy,1950.0,16.0,2025.0,"piastri,norris,max_verstappen,russell",24.0,10.0,,,53.0,,,,none,dry,sunny,race,other,,,1,,,,,,,,,,True,other,,deletion_of_the_lap_times_shown_in_accordance_with_article_12.4.1.e_of_the_fia_i,,- Race Deleted Lap Times Description Race Deleted Lap Times Enclosed ITA DOC 41 - Race Deleted Lap Times.pdf Felix Holter Mathieu Remmerie Derek Warwick Valerio Brizzolari 2025 ITALIAN GRAND PRIX 5 – 7 September 2025 From The Stewards
2025_was confirmed. felix holter mathieu remmerie derek warwick valerio brizzolari_e80992ecf1,monza,italy,1950.0,16.0,2025.0,"piastri,norris,max_verstappen,russell",24.0,10.0,,,,,,,,,,was confirmed. felix holter mathieu remmerie derek warwick valerio brizzolari,other,,,1,oscar_piastri,australian,mclaren,1,309,1,584,2.0,2,True,other,,,,
2025_race_7a8d9562fd,monza,italy,1950.0,16.0,2025.0,"piastri,norris,max_verstappen,russell",24.0,10.0,,,53.0,,,,none,dry,sunny,race,pit_lane,,,1,lance_stroll,canadian,aston_martin,11,32,6,62,8.0,3,True,pit_lane,,warning,,"Breach of Article 12.2.1 i) of the FIA International Sporting Code and non-compliance with Race Director’s Event Notes (item 13.5,"
2025_race_a66228d508,monza,italy,1950.0,16.0,2025.0,"piastri,norris,max_verstappen,russell",24.0,10.0,,,53.0,,1.0,,none,dry,sunny,race,other,,,2,"kimi_antonelli,car_23","italian,","mercedes,","7,","64,","3,","248,",0.0,"4,",True,other,,5s_time_penalty,1.0,"Breach of Appendix L, Chapter IV, Article 2 e) of the International Sporting Code."
2025_qualifying_86cb4beec0,monza,italy,1950.0,16.0,2025.0,"piastri,norris,max_verstappen,russell",24.0,10.0,,,22.0,,,,none,dry,sunny,qualifying,other,,,1,pierre_gasly,french,alpine,14,20,10,20,8.0,2,True,other,,required_to_start_the_race_from_the_pit_lane.,,"Breaches of Articles 28.2, 40.3, 40.6 and 40.9 of the FIA Formula One Sporting Regulations."
2025_race_bdb39749a2,monza,italy,1950.0,16.0,2025.0,"piastri,norris,max_verstappen,russell",24.0,10.0,,,53.0,,1.0,,none,dry,sunny,race,other,,,2,"oliver_bearman,car_55","british,","haas,","16,","16,","9,","44,",",","6,",True,other,car_87,10s_time_penalty,2.0,"Breach of Appendix L, Chapter IV, Article 2 d) of the FIA International Sporting Code."
2025_race_7736d4c718,monza,italy,1950.0,16.0,2025.0,"piastri,norris,max_verstappen,russell",24.0,10.0,,,53.0,,,,none,dry,sunny,race,pit_lane,,,1,fernando_alonso,spanish,aston_martin,12,30,6,62,24.0,0,True,pit_lane,,warning,,"Breach of Article 12.2.1 i) of the FIA International Sporting Code and non-compliance with Race Director’s Event Notes (item 13.5,"
2025_practice_466b84c243,monza,italy,1950.0,16.0,2025.0,"piastri,norris,max_verstappen,russell",24.0,10.0,,,28.0,,,,safety_car,dry,sunny,practice,other,,,1,oscar_piastri,australian,mclaren,1,309,1,584,2.0,2,True,other,,reprimand,,"Breach of Article 12.2.1 i) of the FIA International Sporting Code and non-compliance with Race Director’s Event Notes (item 22.2,"
2025_race_5cc5281425,monza,italy,1950.0,16.0,2025.0,"piastri,norris,max_verstappen,russell",24.0,10.0,,,53.0,,1.0,,none,dry,sunny,race,other,,,2,"esteban_ocon,car_18","french,","haas,","13,","28,","9,","44,",9.0,"0,",True,other,,5s_time_penalty,1.0,"Breach of Appendix L, Chapter IV, Article 2 b) of the FIA International Sporting Code."
2025_qualifying_2a000c5910,suzuka,japan,1987.0,3.0,2025.0,"norris,max_verstappen,russell,piastri",24.0,10.0,,,23.0,,,,none,dry,sunny,qualifying,other,,,2,"carlos_sainz,car_44","spanish,","williams,","14,","1,","4,","17,",10.0,"0,",True,other,,drop_of_3_grid_positions_for_the_next_race_in_which_the_driver_participates.,,"during Qualifying, irrespective of whether it was the fault of the driver or the team, is a 3 grid position penalty, and therefore the Stewards find that the standard penalty should be applied. Competitors are reminded that they have the right to appeal certain decisions of the Stewards, in accordance with Article 15 of the FIA International Sporting Code and Chapter 4 of the FIA Judicial and Disciplinary Rules, within the applicable"
2025_practice_26e0437873,suzuka,japan,1987.0,3.0,2025.0,"norris,max_verstappen,russell,piastri",24.0,10.0,,,29.0,,,,none,dry,sunny,practice,other,,,1,lance_stroll,canadian,aston_martin,8,10,7,10,8.0,0,True,other,,warning,,"Breach of Article 12.2.1 i) of the International Sporting Code and non-compliance with Race Director’s Event Note (item 11,"
2025_practice_e49476c23b,suzuka,japan,1987.0,3.0,2025.0,"norris,max_verstappen,russell,piastri",24.0,10.0,,,29.0,,,,none,dry,sunny,practice,other,,,1,oscar_piastri,australian,mclaren,4,34,1,78,2.0,0,True,other,,warning,,"Breach of Article 12.2.1 i) of the International Sporting Code and non-compliance with Race Director’s Event Note (item 11,"
2025_practice_9819f8d6fd,suzuka,japan,1987.0,3.0,2025.0,"norris,max_verstappen,russell,piastri",24.0,10.0,,,29.0,,,,none,dry,sunny,practice,other,,,1,max_verstappen,dutch,red_bull,2,36,3,36,10.0,0,True,other,,warning,,"Breach of Article 12.2.1 i) of the International Sporting Code and non-compliance with Race Director’s Event Note (item 11,"
2025_practice_a8bedd4480,suzuka,japan,1987.0,3.0,2025.0,"norris,max_verstappen,russell,piastri",24.0,10.0,,,29.0,,,,none,dry,sunny,practice,pit_lane,,,1,kimi_antonelli,italian,mercedes,5,22,2,57,0.0,0,True,pit_lane,,the_competitor_(mercedes-amg_petronas_f1_team)_is_fined_€100.,,Breach of Article 34.7 of the FIA Formula One Sporting Regulations
2025_practice_d16cc7cbaf,suzuka,japan,1987.0,3.0,2025.0,"norris,max_verstappen,russell,piastri",24.0,10.0,,,29.0,,,,none,dry,sunny,practice,pit_lane,,,1,carlos_sainz,spanish,williams,14,1,4,17,10.0,0,True,pit_lane,,the_competitor_(atlassian_williams_racing)_is_fined_€1000,,Breach of Article 34.7 of the FIA Formula One Sporting Regulations.
2025_race_99eaef2c74,suzuka,japan,1987.0,3.0,2025.0,"norris,max_verstappen,russell,piastri",24.0,10.0,,,53.0,,,,none,dry,sunny,race,other,,,1,carlos_sainz,spanish,williams,14,1,4,17,10.0,0,True,other,,"the_driver_carlos_sainz_is_fined_€20,000_of_which_€10,000_is_suspended_for_a_per",,Breach of Article 19.4 b) of the FIA Formula One Sporting Regulations.
2025_qualifying_f15cf8680b,suzuka,japan,1987.0,3.0,2025.0,"norris,max_verstappen,russell,piastri",24.0,10.0,,,23.0,,,,none,dry,sunny,qualifying,other,,,1,,,,,,,,,,True,other,,deletion_of_the_lap_times_shown_in_accordance_with_article_12.4.1.e_of_the_fia_i,,- Qualifying Deleted Lap Times Description Qualifying Deleted Lap Times Enclosed JPN DOC 36 - Qualifying Deleted Lap Times.pdf Garry Connelly Mathieu Remmerie Pedro Lamy Kazuhiro Tsuge 2025 JAPANESE GRAND PRIX 04 – 06 April 2025 From The Stewards
2025_practice_086e12fa1a,suzuka,japan,1987.0,3.0,2025.0,"norris,max_verstappen,russell,piastri",24.0,10.0,,,29.0,,,,none,dry,sunny,practice,other,,,1,lewis_hamilton,british,ferrari,9,9,5,17,18.0,0,True,other,,warning,,"Breach of Article 12.2.1 i) of the International Sporting Code and non-compliance with Race Director’s Event Note (item 11,"
2025_qualifying_444a3c557f,suzuka,japan,1987.0,3.0,2025.0,"norris,max_verstappen,russell,piastri",24.0,10.0,,,23.0,,,,none,dry,sunny,qualifying,other,,,1,,,,,,,,,,True,other,none,no_further_action,,"Alleged breach of Article 33.4 of the FIA Formula One Sporting Regulations and Article 12.2.1 i) of the FIA International Sporting Code (non-compliance with the Race Director’s Event Notes, item 2,"
2025_qualifying_6ecd5bc361,las_vegas,usa,2023.0,22.0,2025.0,"norris,piastri,max_verstappen,russell",24.0,10.0,,,25.0,,,,none,dry,sunny,qualifying,other,,,1,george_russell,british,mercedes,4,276,2,398,6.0,0,True,other,none,no_further_action,,Alleged Breach of Article 40.1 of the FIA Formula One Sporting Regulations.
2025__2a8c2fbf5b,las_vegas,usa,2023.0,22.0,2025.0,"norris,piastri,max_verstappen,russell",24.0,10.0,,,,,,,,,,,pit_lane,,,1,alexander_albon,thai,williams,8,73,5,111,6.0,2,True,pit_lane,,reprimand,,Breach of Article 44.7 of the FIA Formula One Sporting Regulations.
2025_practice_627629664b,las_vegas,usa,2023.0,22.0,2025.0,"norris,piastri,max_verstappen,russell",24.0,10.0,,,31.0,,,,none,dry,sunny,practice,pit_lane,,,1,lewis_hamilton,british,ferrari,6,148,4,362,18.0,3,True,pit_lane,,the_competitor_(scuderia_ferrari_hp)_is_fined_€100.,,Breach of Article 34.7 of the FIA Formula One Sporting Regulations.
2025_practice_f18f4f6fb4,las_vegas,usa,2023.0,22.0,2025.0,"norris,piastri,max_verstappen,russell",24.0,10.0,,,31.0,,,,none,dry,sunny,practice,other,,,1,charles_leclerc,monegasque,ferrari,5,214,4,362,7.0,1,True,other,none,no_further_action,,Alleged breach of Article 26.5 of the FIA Formula One Sporting Regulations.
2025_qualifying_2a4bee4713,las_vegas,usa,2023.0,22.0,2025.0,"norris,piastri,max_verstappen,russell",24.0,10.0,,,25.0,,,,none,dry,sunny,qualifying,other,,,1,kimi_antonelli,italian,mercedes,7,122,2,398,0.0,5,True,other,none,no_further_action,,Alleged Breach of Article 40.1 of the FIA Formula One Sporting Regulations.
2025__0cfe9aa8b5,las_vegas,usa,2023.0,22.0,2025.0,"norris,piastri,max_verstappen,russell",24.0,10.0,,,,,,,,,,,yellow_flag,,,1,gabriel_bortoleto,brazilian,audi,19,19,9,62,1.0,0,True,yellow_flag,none,no_further_action,,"Alleged breach of Appendix H, Article 2.5.5 b) of the International Sporting Code, Article 26.1b of the FIA Formula One Sporting Regulations."
2025_qualifying_6897d890dc,las_vegas,usa,2023.0,22.0,2025.0,"norris,piastri,max_verstappen,russell",24.0,10.0,,,25.0,,,,none,dry,sunny,qualifying,other,,,1,franco_colapinto,argentine,alpine,20,0,10,22,1.0,1,True,other,,"the_competitor_(bwt_alpine_f1_team)_is_fined_€5,000.",,Breach of Article 30.5 g) of the FIA Formula One Sporting Regulations.
2025_qualifying_90edbfc6fb,las_vegas,usa,2023.0,22.0,2025.0,"norris,piastri,max_verstappen,russell",24.0,10.0,,,25.0,,,,none,dry,sunny,qualifying,other,,,1,,,,,,,,,,True,other,,deletion_of_the_lap_times_shown_in_accordance_with_article_12.4.1.e_of_the_fia_i,,- Qualifying Deleted Lap Times Description Qualifying Deleted Lap Times Enclosed LAS DOC 33 - Qualifying Deleted Lap Times .pdf Garry Connelly Loïc Bacquelaine Vitantonio Liuzzi Steve Pence 2025 LAS VEGAS GRAND PRIX 20 – 22 November 2025 From The Stewards
2025_race_752af21ed8,las_vegas,usa,2023.0,22.0,2025.0,"norris,piastri,max_verstappen,russell",24.0,10.0,,,50.0,,,,safety_car,dry,sunny,race,other,,,2,"alexander_albon,car_44","thai,","williams,","8,","73,","5,","111,",6.0,"2,",True,other,,5s_time_penalty,1.0,"Breach of Appendix L, Chapter IV, Article 2 d) of the FIA International Sporting Code."
2025_qualifying_2f332ce589,las_vegas,usa,2023.0,22.0,2025.0,"norris,piastri,max_verstappen,russell",24.0,10.0,,,25.0,,,,none,dry,sunny,qualifying,other,,,2,"carlos_sainz,car_18","spanish,","williams,","13,","38,","5,","111,",10.0,"6,",True,other,none,no_further_action,,Alleged breach of Article 33.3 of the FIA Formula One Sporting Regulations.
2025_qualifying_a9bf4a7f3e,las_vegas,usa,2023.0,22.0,2025.0,"norris,piastri,max_verstappen,russell",24.0,10.0,,,25.0,,,,none,dry,sunny,qualifying,other,,,1,yuki_tsunoda,japanese,racing_bulls,17,28,6,82,4.0,7,True,other,,required_to_start_the_race_from_the_pit_lane.,,Breaches of Articles 28.2 and 40.3 of the FIA Formula One Sporting Regulations. Breach of Article 40.9 of the FIA Formula One Sporting Regulations.
2025_reconnaissance laps_4b3dac493c,las_vegas,usa,2023.0,22.0,2025.0,"norris,piastri,max_verstappen,russell",24.0,10.0,,,50.0,,,,safety_car,dry,sunny,reconnaissance laps,other,,,1,,,,,,,,,,True,other,none,no_further_action,,"Alleged breach of Article 33.4 of the FIA Formula One Sporting Regulations and Article 12.2.1 i) of the FIA International Sporting Code (non-compliance with the Race Director’s Event Notes, item 1,"
2025_race_edf50412ee,las_vegas,usa,2023.0,22.0,2025.0,"norris,piastri,max_verstappen,russell",24.0,10.0,,,50.0,,,,safety_car,dry,sunny,race,technical,,,1,lando_norris,british,mclaren,1,390,1,756,6.0,0,True,technical,,disqualification,,Breach of Article 3.5.9 of the FIA Formula One Technical Regulations.
2025_race_f03cb2a383,las_vegas,usa,2023.0,22.0,2025.0,"norris,piastri,max_verstappen,russell",24.0,10.0,,,50.0,,,,safety_car,dry,sunny,race,other,,,1,kimi_antonelli,italian,mercedes,7,122,2,398,0.0,5,True,other,,5s_time_penalty,,Breach of Article 48.1 a) of the FIA Formula One Sporting Regulations.
2025_race_a1ad89718c,las_vegas,usa,2023.0,22.0,2025.0,"norris,piastri,max_verstappen,russell",24.0,10.0,,,50.0,,,,safety_car,dry,sunny,race,other,,,2,"gabriel_bortoleto,car_18","brazilian,","audi,","19,","19,","9,","62,",1.0,"0,",True,other,,drop_of_5_grid_positions_for_the_next_race_in_which_the_driver_participates._2_p,2.0,"Breach of Appendix L, Chapter IV, Article 2 d) of the FIA International Sporting Code."
2025_race_42af2ca797,las_vegas,usa,2023.0,22.0,2025.0,"norris,piastri,max_verstappen,russell",24.0,10.0,,,50.0,,,,safety_car,dry,sunny,race,collision,,,2,"liam_lawson,car_81","new_zealander,","red_bull,","14,","36,","3,","366,",2.0,"5,",True,collision,none,no_further_action,,"Alleged breach of Appendix L, Chapter IV, Article 2 d) of the FIA International Sporting Code."
2025_race_0b1acfcdd6,las_vegas,usa,2023.0,22.0,2025.0,"norris,piastri,max_verstappen,russell",24.0,10.0,,,50.0,,,,safety_car,dry,sunny,race,technical,,,1,oscar_piastri,australian,mclaren,2,366,1,756,2.0,4,True,technical,,disqualification,,Breach of Article 3.5.9 of the FIA Formula One Technical Regulations.
2025_race_e5441a1a28,mexico_city,mexico,,20.0,2025.0,"piastri,norris,max_verstappen,russell",24.0,10.0,,,71.0,,,,safety_car,dry,sunny,race,pit_lane,,,1,carlos_sainz,spanish,williams,11,38,5,111,10.0,6,True,pit_lane,,drive_through,,Breach of Article 34.7 of the FIA Formula One Sporting Regulations.
2025_race_1e555b8b56,mexico_city,mexico,,20.0,2025.0,"piastri,norris,max_verstappen,russell",24.0,10.0,,,71.0,,,,safety_car,dry,sunny,race,other,,,1,lewis_hamilton,british,ferrari,6,142,3,334,18.0,2,True,other,none,no_further_action,,Alleged breach of Article 12.2.1 i) of the International Sporting Code.
2025_race_bbe61780c6,mexico_city,mexico,,20.0,2025.0,"piastri,norris,max_verstappen,russell",24.0,10.0,,,71.0,,,,safety_car,dry,sunny,race,other,,,1,,,,,,,,,,True,other,,deletion_of_the_lap_times_shown_in_accordance_with_article_12.4.1.e_of_the_fia_i,,- Race Deleted Lap Times Description
2025__01c46893af,mexico_city,mexico,,20.0,2025.0,"piastri,norris,max_verstappen,russell",24.0,10.0,,,,,,,,,,,other,,,1,arvid_lindblad,,,,,,,0.0,0,True,other,,,,
2025_race_24f9314388,mexico_city,mexico,,20.0,2025.0,"piastri,norris,max_verstappen,russell",24.0,10.0,,,71.0,,,,safety_car,dry,sunny,race,pit_lane,,,1,carlos_sainz,spanish,williams,11,38,5,111,10.0,6,True,pit_lane,,5s_time_penalty,,Breach of Article 34.7 of the FIA Formula One Sporting Regulations.
2025_race_af0e04d0a6,mexico_city,mexico,,20.0,2025.0,"piastri,norris,max_verstappen,russell",24.0,10.0,,,71.0,,,,safety_car,dry,sunny,race,collision,,,2,"lewis_hamilton,car_1","british,","ferrari,","6,","142,","3,","334,",18.0,"2,",True,collision,none,no_further_action,,"Alleged breach of Appendix L, Chapter IV, Article 2 d) of the FIA International Sporting Code."
2025_practice_9d45b8ea48,mexico_city,mexico,,20.0,2025.0,"piastri,norris,max_verstappen,russell",24.0,10.0,,,35.0,,,,none,dry,sunny,practice,other,,,2,"arvid_lindblad,car_89",",",",",",",",",",",",",0.0,"0,",True,other,,warning,,Breach of Article 37.5 of the 2025 FIA Formula One Sporting Regulations.
2025_race_21fef9744c,mexico_city,mexico,,20.0,2025.0,"piastri,norris,max_verstappen,russell",24.0,10.0,,,71.0,,,,safety_car,dry,sunny,race,track_limits,,,1,lewis_hamilton,british,ferrari,6,142,3,334,18.0,2,True,track_limits,,10s_time_penalty,,Breach of Article 33.3 of the FIA Formula One Sporting Regulations.
2025__43eea45b07,mexico_city,mexico,,20.0,2025.0,"piastri,norris,max_verstappen,russell",24.0,10.0,,,,,,,,,,,other,,,1,patricio_o_ward,,,,,,,,0,True,other,,,,
2025_race_e2d10b6306,miami,usa,2022.0,6.0,2025.0,"piastri,norris,max_verstappen,russell",24.0,10.0,,,57.0,,,,safety_car,dry,sunny,race,yellow_flag,,,1,pierre_gasly,french,alpine,11,6,9,6,8.0,0,True,yellow_flag,,warning,,"Breach of Appendix H, Article 2.5.5 b) of the International Sporting Code."
2025_race_5ec883afc3,miami,usa,2022.0,6.0,2025.0,"piastri,norris,max_verstappen,russell",24.0,10.0,,,57.0,,,,safety_car,dry,sunny,race,other,,,1,,,,,,,,,,True,other,,deletion_of_the_lap_times_shown_in_accordance_with_article_12.4.1.e_of_the_fia_i,,- Race Deleted Lap Times Description Race Deleted Lap Times Enclosed MIA DOC 76 - Race Deleted Lap Times.pdf Felix Holter Mathieu Remmerie Derek Warwick Steve Pence 2025 MIAMI GRAND PRIX 02 – 04 May 2025 From The Stewards
2025_qualifying_68fa7e6911,miami,usa,2022.0,6.0,2025.0,"piastri,norris,max_verstappen,russell",24.0,10.0,,,21.0,,,,none,dry,sunny,qualifying,other,,,1,,,,,,,,,,True,other,none,no_further_action,,"Alleged breach of Article 33.4 of the FIA Formula One Sporting Regulations and Article 12.2.1 i) of the FIA International Sporting Code (non-compliance with the Race Director’s Event Notes, item 1,"
2025_race_904cd2d106,miami,usa,2022.0,6.0,2025.0,"piastri,norris,max_verstappen,russell",24.0,10.0,,,57.0,,,,safety_car,dry,sunny,race,other,,,1,lewis_hamilton,british,ferrari,7,31,4,78,18.0,0,True,other,car_55,no_further_action,,"Alleged breach of Appendix L, Chapter IV, Article 2 d) of the FIA International Sporting Code."
2025_qualifying_c42375cbb7,miami,usa,2022.0,6.0,2025.0,"piastri,norris,max_verstappen,russell",24.0,10.0,,,21.0,,,,none,dry,sunny,qualifying,other,,,1,max_verstappen,dutch,red_bull,3,87,3,89,10.0,0,True,other,,reprimand,,"Breach of Article 33.4 of the FIA Formula One Sporting Regulations and non- compliance with Race Director’s Event Note (item 1,"
2025_qualifying_00eda94900,miami,usa,2022.0,6.0,2025.0,"piastri,norris,max_verstappen,russell",24.0,10.0,,,21.0,,,,none,dry,sunny,qualifying,other,,,1,alexander_albon,thai,williams,8,20,5,25,6.0,0,True,other,,reprimand,,"Breach of Article 34.8 of the FIA Formula One Sporting Regulations and non- compliance with Race Director’s Event Note (item 11,"
2025_race_cea4e321ba,miami,usa,2022.0,6.0,2025.0,"piastri,norris,max_verstappen,russell",24.0,10.0,,,57.0,,,,safety_car,dry,sunny,race,other,,,1,carlos_sainz,spanish,williams,15,5,5,25,10.0,2,True,other,car_55,no_further_action,,"Alleged breach of Appendix L, Chapter IV, Article 2 d) of the FIA International Sporting Code."
2025_sprint_7743cd6bdb,miami,usa,2022.0,6.0,2025.0,"piastri,norris,max_verstappen,russell",24.0,10.0,,,18.0,,,,safety_car,dry,sunny,sprint,unsafe_release,,,1,oliver_bearman,british,haas,13,6,6,20,,0,True,unsafe_release,,5s_time_penalty,,Breach of Article 34.14 a) of the FIA Formula One Sporting Regulations.
2025_practice_74af3f4433,miami,usa,2022.0,6.0,2025.0,"piastri,norris,max_verstappen,russell",24.0,10.0,,,28.0,,,,none,dry,sunny,practice,pit_lane,,,1,jack_doohan,australian,alpine,19,0,9,6,1.0,4,True,pit_lane,,the_competitor_(bwt_alpine_f1_team)_is_fined_€1000.,,Breach of Article 34.7 of the FIA Formula One Sporting Regulations.
2025_sprint_75ac16b051,miami,usa,2022.0,6.0,2025.0,"piastri,norris,max_verstappen,russell",24.0,10.0,,,18.0,,,,safety_car,dry,sunny,sprint,other,,,1,alexander_albon,thai,williams,8,20,5,25,6.0,0,True,other,,5s_time_penalty,,Breach of Article 55.7 of the FIA Formula One Sporting Regulations.
2025_sprint_62f06abea7,miami,usa,2022.0,6.0,2025.0,"piastri,norris,max_verstappen,russell",24.0,10.0,,,18.0,,,,safety_car,dry,sunny,sprint,other,,,2,"liam_lawson,car_14","new_zealander,","red_bull,","18,","0,","3,","89,",2.0,"3,",True,other,,5s_time_penalty,1.0,"Breach of Appendix L, Chapter IV Article 2 d) of the International Sporting Code."
2025_qualifying_6bde63950e,miami,usa,2022.0,6.0,2025.0,"piastri,norris,max_verstappen,russell",24.0,10.0,,,21.0,,,,none,dry,sunny,qualifying,other,,,1,yuki_tsunoda,japanese,racing_bulls,16,5,8,8,4.0,0,True,other,,required_to_start_the_sprint_from_the_pit_lane.,,Breach of Article 40.9 b) of the FIA Formula One Sporting Regulations.
2025__2da7fbf8b1,miami,usa,2022.0,6.0,2025.0,"piastri,norris,max_verstappen,russell",24.0,10.0,,,,,,,,,,,other,,,1,liam_lawson,new_zealander,red_bull,18,0,3,89,2.0,3,True,other,,,,
2025_practice_eae5160e59,miami,usa,2022.0,6.0,2025.0,"piastri,norris,max_verstappen,russell",24.0,10.0,,,28.0,,,,none,dry,sunny,practice,blocking,,,2,"esteban_ocon,car_4","french,","haas,","9,","14,","6,","20,",9.0,"0,",True,blocking,,warning,,Breach of Article 37.5 of the FIA Formula One Sporting Regulations.
2025_qualifying_de04070ddd,miami,usa,2022.0,6.0,2025.0,"piastri,norris,max_verstappen,russell",24.0,10.0,,,21.0,,,,none,dry,sunny,qualifying,other,,,1,pierre_gasly,french,alpine,11,6,9,6,8.0,0,True,other,,required_to_start_the_race_from_the_pit_lane.,,Breach of Article 40.9 b) of the FIA Formula One Sporting Regulations.
2025_practice_1316885435,miami,usa,2022.0,6.0,2025.0,"piastri,norris,max_verstappen,russell",24.0,10.0,,,28.0,,,,none,dry,sunny,practice,other,,,1,lando_norris,british,mclaren,2,89,1,188,6.0,0,True,other,,warning,,Breach of Article 34.14 c) of the FIA Formula One Sporting Regulations.
2025_race_9b8bbec2bd,miami,usa,2022.0,6.0,2025.0,"piastri,norris,max_verstappen,russell",24.0,10.0,,,57.0,,,,safety_car,dry,sunny,race,pit_lane,,,1,yuki_tsunoda,japanese,racing_bulls,16,5,8,8,4.0,0,True,pit_lane,,5s_time_penalty,,Breach of Article 34.7 of the FIA Formula One Sporting Regulations.
2025_sprint_ef07e7bf5b,miami,usa,2022.0,6.0,2025.0,"piastri,norris,max_verstappen,russell",24.0,10.0,,,18.0,,,,safety_car,dry,sunny,sprint,unsafe_release,,,1,max_verstappen,dutch,red_bull,3,87,3,89,10.0,0,True,unsafe_release,,10s_time_penalty,,Breach of Article 34.14 a) of the FIA Formula One Sporting Regulations.
2025_reconnaissance laps_90437e24a0,miami,usa,2022.0,6.0,2025.0,"piastri,norris,max_verstappen,russell",24.0,10.0,,,57.0,,,,safety_car,dry,sunny,reconnaissance laps,other,,,1,charles_leclerc,monegasque,ferrari,5,47,4,78,7.0,0,True,other,,reprimand,,Breach of Article 26.10 of the FIA Formula One Sporting Regulations.
2025_sprint_c218d3778f,miami,usa,2022.0,6.0,2025.0,"piastri,norris,max_verstappen,russell",24.0,10.0,,,18.0,,,,safety_car,dry,sunny,sprint,other,,,1,,,,,,,,,,True,other,,deletion_of_the_lap_times_shown_in_accordance_with_article_12.4.1.e_of_the_fia_i,,- Sprint Deleted Lap Times Description
2025_race_87de1e0c1f,miami,usa,2022.0,6.0,2025.0,"piastri,norris,max_verstappen,russell",24.0,10.0,,,57.0,,,,safety_car,dry,sunny,race,yellow_flag,,,1,carlos_sainz,spanish,williams,15,5,5,25,10.0,2,True,yellow_flag,,warning,,"Breach of Appendix H, Article 2.5.5 b) of the International Sporting Code."
2025_qualifying_e76aefd441,monaco,monaco,1950.0,8.0,2025.0,"piastri,norris,max_verstappen,russell",24.0,10.0,,,34.0,,1.0,,none,dry,sunny,qualifying,other,,,2,"lewis_hamilton,car_1","british,","ferrari,","6,","53,","4,","114,",18.0,"0,",True,other,,drop_of_3_grid_positions_for_the_next_race_in_which_the_driver_participates.,,Breach of Article 37.5 of the FIA Formula One Sporting Regulations.
2025_qualifying_b139560d3b,monaco,monaco,1950.0,8.0,2025.0,"piastri,norris,max_verstappen,russell",24.0,10.0,,,34.0,,,,none,dry,sunny,qualifying,other,,,1,,,,,,,,,,True,other,,deletion_of_the_lap_times_shown_in_accordance_with_article_12.4.1.e_of_the_fia_i,,- Qualifying Deleted Lap Times Description Qualifying Deleted Lap Times Enclosed MON DOC 35 - Qualifying Deleted Lap Times.pdf Nish Shetty Loïc Bacquelaine Vitantonio Liuzzi Jean-François Calmes 2025 MONACO GRAND PRIX 23 – 25 May 2025 From The Stewards
2025__23ea639ad2,monaco,monaco,1950.0,8.0,2025.0,"piastri,norris,max_verstappen,russell",24.0,10.0,,,,,1.0,,,,,,collision,,,2,"lance_stroll,car_16","canadian,","aston_martin,","10,","14,","7,","14,",8.0,"0,",True,collision,car_18,drop_of_1_grid_position_for_the_next_race_in_which_the_driver_participates._1_pe,1.0,"Breach of Appendix L, Chapter IV, Article 2 d) of the FIA International Sporting Code."
2025_qualifying_417cafc7da,monaco,monaco,1950.0,8.0,2025.0,"piastri,norris,max_verstappen,russell",24.0,10.0,,,34.0,,,,none,dry,sunny,qualifying,other,,,1,,,,,,,,,,True,other,none,no_further_action,,"Alleged breach of Article 33.4 of the FIA Formula One Sporting Regulations and Article 12.2.1 i) of the FIA International Sporting Code (non-compliance with the Race Director’s Event Notes, item 1,"
2025_practice_6e47b8b63f,monaco,monaco,1950.0,8.0,2025.0,"piastri,norris,max_verstappen,russell",24.0,10.0,,,37.0,,,,none,dry,sunny,practice,other,,,2,"carlos_sainz,car_43","spanish,","williams,","11,","11,","5,","51,",10.0,"2,",True,other,none,no_further_action,,"Alleged breach of Appendix H, Article 2.5.4.1 b) of the International Sporting Code."
2025_reconnaissance laps_077979f88e,monaco,monaco,1950.0,8.0,2025.0,"piastri,norris,max_verstappen,russell",24.0,10.0,,,78.0,,,,safety_car,dry,sunny,reconnaissance laps,other,,,1,oliver_bearman,british,haas,16,6,6,20,,2,True,other,,"the_competitor_(moneygram_haas_f1_team)_is_fined_€5,000.",,Breach of Article 34.14 c) of the FIA Formula One Sporting Regulations.
2025_practice_d235c5dccd,monaco,monaco,1950.0,8.0,2025.0,"piastri,norris,max_verstappen,russell",24.0,10.0,,,37.0,,,,none,dry,sunny,practice,other,,,2,"oliver_bearman,car_55","british,","haas,","16,","6,","6,","20,",",","0,",True,other,,drop_of_10_grid_positions_for_the_next_race_in_which_the_driver_participates._2_,2.0,"Breach of Appendix H, Article 2.5.4.1 b) of the International Sporting Code."
2025_race_98c36671ac,monaco,monaco,1950.0,8.0,2025.0,"piastri,norris,max_verstappen,russell",24.0,10.0,,,78.0,,2.0,,safety_car,dry,sunny,race,other,,,1,,,,,,,,,,True,other,,deletion_of_the_lap_times_shown_in_accordance_with_article_12.4.1.e_of_the_fia_i,,- Race Deleted Lap Times Description Race Deleted Lap Times Enclosed MON DOC 53 - Race Deleted Lap Times.pdf Nish Shetty Loïc Bacquelaine Vitantonio Liuzzi Jean-François Calmes 2025 MONACO GRAND PRIX 23 – 25 May 2025 From The Stewards
2025_race_ec3972128f,monaco,monaco,1950.0,8.0,2025.0,"piastri,norris,max_verstappen,russell",24.0,10.0,,,78.0,,,,safety_car,dry,sunny,race,track_limits,,,1,george_russell,british,mercedes,4,99,2,147,6.0,0,True,track_limits,,drive_through,,"Breach of Article 33.3 of the FIA Formula One Sporting Regulations and Article 12.2.1 i) of the International Sporting Code - Non-compliance with Race Director’s Event Note (item 22.1,"
2025_qualifying_214f53a60a,monaco,monaco,1950.0,8.0,2025.0,"piastri,norris,max_verstappen,russell",24.0,10.0,,,34.0,,2.0,,none,dry,sunny,qualifying,other,,,2,"lance_stroll,car_10","canadian,","aston_martin,","10,","14,","7,","14,",8.0,"1,",True,other,,drop_of_3_grid_positions_for_the_next_race_in_which_the_driver_participates.,,Breach of Article 37.5 of the FIA Formula One Sporting Regulations.
2025_race_11cbe9f6d1,monaco,monaco,1950.0,8.0,2025.0,"piastri,norris,max_verstappen,russell",24.0,10.0,,,78.0,,2.0,,safety_car,dry,sunny,race,other,,,2,"pierre_gasly,car_22","french,","alpine,","13,","7,","9,","7,",8.0,"0,",True,other,car_10,reprimand,,"Breach of Appendix L, Chapter IV, Article 2 d) of the FIA International Sporting Code."
2025_practice_9290f33fa0,monaco,monaco,1950.0,8.0,2025.0,"piastri,norris,max_verstappen,russell",24.0,10.0,,,37.0,,,,none,dry,sunny,practice,yellow_flag,,,1,yuki_tsunoda,japanese,racing_bulls,12,10,8,10,4.0,0,True,yellow_flag,none,no_further_action,,"Alleged breach of Appendix H, Article 2.5.5 b) of the International Sporting Code."
2025_practice_63ec9362bf,monaco,monaco,1950.0,8.0,2025.0,"piastri,norris,max_verstappen,russell",24.0,10.0,,,37.0,,,,none,dry,sunny,practice,other,,,2,"franco_colapinto,car_18","argentine,","alpine,","21,","0,","9,","7,",1.0,"0,",True,other,none,no_further_action,,"Alleged breach of Appendix H, Article 2.5.4.1 b) of the International Sporting Code."
2025_race_cf275da23c,qatar,qatar,2021.0,23.0,2025.0,"norris,piastri,max_verstappen,russell",24.0,10.0,,,57.0,,,,safety_car,dry,sunny,race,other,,,1,oliver_bearman,british,haas,12,41,7,73,,9,True,other,,10s_time_penalty,,Breach of Article 34.14 d) of the FIA Formula One Sporting Regulations.
2025_qualifying_cc928337b4,qatar,qatar,2021.0,23.0,2025.0,"norris,piastri,max_verstappen,russell",24.0,10.0,,,26.0,,,,none,dry,sunny,qualifying,other,,,1,lance_stroll,canadian,aston_martin,16,32,8,72,8.0,5,True,other,,required_to_start_the_sprint_from_the_pit_lane.,,Breach of Article 40.9 of the FIA Formula One Sporting Regulations.
2025_race_a5aee38466,qatar,qatar,2021.0,23.0,2025.0,"norris,piastri,max_verstappen,russell",24.0,10.0,,,57.0,,,,safety_car,dry,sunny,race,other,,,1,isack_hadjar,french,racing_bulls,9,51,6,90,0.0,0,True,other,none,no_further_action,,Alleged breach of Article 26.10 of the FIA Formula One Sporting Regulations.
2025_qualifying_0b97023f79,qatar,qatar,2021.0,23.0,2025.0,"norris,piastri,max_verstappen,russell",24.0,10.0,,,26.0,,,,none,dry,sunny,qualifying,other,,,2,"alexander_albon,car_31","thai,","williams,","8,","73,","5,","121,",6.0,"3,",True,other,none,no_further_action,,"Alleged breach of 12.2.1 i) of the International Sporting Code and non-compliance with Race Director’s Event Note (item 14,"
2025_qualifying_5edc612896,qatar,qatar,2021.0,23.0,2025.0,"norris,piastri,max_verstappen,russell",24.0,10.0,,,26.0,,,,none,dry,sunny,qualifying,other,,,1,,,,,,,,,,True,other,,deletion_of_the_lap_times_shown_in_accordance_with_article_12.4.1.e_of_the_fia_i,,- Sprint Qualifying Deleted Lap Times Description
2025_sprint_b9ae4e55b1,qatar,qatar,2021.0,23.0,2025.0,"norris,piastri,max_verstappen,russell",24.0,10.0,,,19.0,,,,none,dry,sunny,sprint,other,,,1,,,,,,,,,,True,other,,deletion_of_the_lap_times_shown_in_accordance_with_article_12.4.1.e_of_the_fia_i,,- Sprint Deleted Lap Times Description
2025_qualifying_89f172e04f,qatar,qatar,2021.0,23.0,2025.0,"norris,piastri,max_verstappen,russell",24.0,10.0,,,26.0,,,,none,dry,sunny,qualifying,other,,,1,,,,,,,,,,True,other,none,no_further_action,,"Alleged breach of Article 33.4 of the FIA Formula One Sporting Regulations and Article 12.2.1 i) of the FIA International Sporting Code (non-compliance with the Race Director’s Event Notes, item 1,"
2025_race_026f71b45e,qatar,qatar,2021.0,23.0,2025.0,"norris,piastri,max_verstappen,russell",24.0,10.0,,,57.0,,,,safety_car,dry,sunny,race,other,,,1,esteban_ocon,french,haas,15,32,7,73,9.0,1,True,other,,5s_time_penalty,,Breach of Article 48.1 a) of the FIA Formula One Sporting Regulations.
2025_sprint_3b7e8062dd,qatar,qatar,2021.0,23.0,2025.0,"norris,piastri,max_verstappen,russell",24.0,10.0,,,19.0,,,,none,dry,sunny,sprint,other,,,1,yuki_tsunoda,japanese,racing_bulls,17,28,6,90,4.0,7,True,other,,5s_time_penalty,,"Breach of Appendix L, Chapter IV, Article 2 c) of the International Sporting Code."
2025_qualifying_e5d5a4d497,qatar,qatar,2021.0,23.0,2025.0,"norris,piastri,max_verstappen,russell",24.0,10.0,,,26.0,,,,none,dry,sunny,qualifying,other,,,1,pierre_gasly,french,alpine,18,22,10,22,8.0,2,True,other,,required_to_start_the_sprint_from_the_pit_lane.,,Breach of Article 40.9 of the FIA Formula One Sporting Regulations.
2025_qualifying_01197e83de,qatar,qatar,2021.0,23.0,2025.0,"norris,piastri,max_verstappen,russell",24.0,10.0,,,26.0,,,,none,dry,sunny,qualifying,other,,,1,franco_colapinto,argentine,alpine,20,0,10,22,1.0,1,True,other,,required_to_start_the_sprint_from_the_pit_lane.,,Breach of Article 40.9 of the FIA Formula One Sporting Regulations.
2025_qualifying_215d55a367,qatar,qatar,2021.0,23.0,2025.0,"norris,piastri,max_verstappen,russell",24.0,10.0,,,26.0,,,,none,dry,sunny,qualifying,technical,,,1,carlos_sainz,spanish,williams,11,48,5,121,10.0,6,True,technical,,"the_competitor_(atlassian_williams_racing)_is_fined_€5,000.",,Breach of Article 34.14 c) of the FIA Formula One Sporting Regulations.
2025_qualifying_5c4a7afcf1,qatar,qatar,2021.0,23.0,2025.0,"norris,piastri,max_verstappen,russell",24.0,10.0,,,26.0,,,,none,dry,sunny,qualifying,other,,,1,nico_hulkenberg,german,audi,10,49,9,68,15.0,0,True,other,,no_penalty_is_applied.,,"Breach of Article 33.4 of the FIA Formula One Sporting Regulations, Breach of Article 12.2.1 i) of the International Sporting Code and non-compliance with Race Director’s Event Notes (item 1,"
2025_qualifying_eb2c616110,qatar,qatar,2021.0,23.0,2025.0,"norris,piastri,max_verstappen,russell",24.0,10.0,,,26.0,,,,none,dry,sunny,qualifying,other,,,1,lewis_hamilton,british,ferrari,6,152,4,378,18.0,3,True,other,,required_to_start_the_sprint_from_the_pit_lane.,,Breach of Article 40.9 of the FIA Formula One Sporting Regulations.
2025_qualifying_a21db5f630,qatar,qatar,2021.0,23.0,2025.0,"norris,piastri,max_verstappen,russell",24.0,10.0,,,26.0,,,,none,dry,sunny,qualifying,other,,,1,franco_colapinto,argentine,alpine,20,0,10,22,1.0,1,True,other,,required_to_start_the_race_from_the_pit_lane.,,Breach of Article 40.9 of the FIA Formula One Sporting Regulations.
2025_race_ffd0bce9f9,qatar,qatar,2021.0,23.0,2025.0,"norris,piastri,max_verstappen,russell",24.0,10.0,,,57.0,,,,safety_car,dry,sunny,race,other,,,1,,,,,,,,,,True,other,,deletion_of_the_lap_times_shown_in_accordance_with_article_12.4.1.e_of_the_fia_i,,- Race Deleted Lap Times Description
2025_race_62c92389bb,qatar,qatar,2021.0,23.0,2025.0,"norris,piastri,max_verstappen,russell",24.0,10.0,,,57.0,,,,safety_car,dry,sunny,race,pit_lane,,,1,lance_stroll,canadian,aston_martin,16,32,8,72,8.0,5,True,pit_lane,,5s_time_penalty,,Breach of Article 34.7 of the FIA Formula One Sporting Regulations.
2025_race_81cda1da13,qatar,qatar,2021.0,23.0,2025.0,"norris,piastri,max_verstappen,russell",24.0,10.0,,,57.0,,,,safety_car,dry,sunny,race,collision,,,2,"nico_hulkenberg,car_10","german,","audi,","10,","49,","9,","68,",15.0,"0,",True,collision,none,no_further_action,,"Alleged breach of Appendix L, Chapter IV, Article 2 d) of the FIA International Sporting Code."
2025_sprint_d31a83879b,qatar,qatar,2021.0,23.0,2025.0,"norris,piastri,max_verstappen,russell",24.0,10.0,,,19.0,,,,none,dry,sunny,sprint,other,,,1,kimi_antonelli,italian,mercedes,7,137,2,431,0.0,5,True,other,,5s_time_penalty,,"Breach of Appendix L, Chapter IV, Article 2 c) of the International Sporting Code."
2025_qualifying_d781a6be55,qatar,qatar,2021.0,23.0,2025.0,"norris,piastri,max_verstappen,russell",24.0,10.0,,,26.0,,,,none,dry,sunny,qualifying,other,,,1,,,,,,,,,,True,other,,deletion_of_the_lap_times_shown_in_accordance_with_article_12.4.1.e_of_the_fia_i,,- Qualifying Deleted Lap Times Description
2025_reconnaissance laps_71501461fb,s_o_paulo,brazil,,21.0,2025.0,"norris,piastri,max_verstappen,russell",24.0,10.0,,,71.0,,,,safety_car,dry,sunny,reconnaissance laps,other,,,1,,,,,,,,,,True,other,none,no_further_action,,"Alleged breach of Article 33.4 of the FIA Formula One Sporting Regulations and Article 12.2.1 i) of the FIA International Sporting Code (non-compliance with the Race Director’s Event Notes, item 1,"
2025_qualifying_b7d9b09719,s_o_paulo,brazil,,21.0,2025.0,"norris,piastri,max_verstappen,russell",24.0,10.0,,,23.0,,,,none,dry,sunny,qualifying,other,,,1,esteban_ocon,french,haas,16,30,8,62,9.0,1,True,other,,required_to_start_the_race_from_the_pit_lane.,,Breach of Article 28.2 and 40.3 of the FIA Formula One Sporting Regulations.
2025_qualifying_e4fc241bf4,s_o_paulo,brazil,,21.0,2025.0,"norris,piastri,max_verstappen,russell",24.0,10.0,,,23.0,,,,none,dry,sunny,qualifying,other,,,1,carlos_sainz,spanish,williams,11,38,5,111,10.0,6,True,other,,required_to_start_the_sprint_from_the_pit_lane.,,Breach of Article 40.9 of the FIA Formula One Sporting Regulations.
2025_qualifying_3f65afabc7,s_o_paulo,brazil,,21.0,2025.0,"norris,piastri,max_verstappen,russell",24.0,10.0,,,23.0,,,,none,dry,sunny,qualifying,yellow_flag,,,1,lewis_hamilton,british,ferrari,6,146,2,356,18.0,2,True,yellow_flag,,reprimand,,"Breach of Appendix H, Article 2.5.5 b) of the International Sporting Code, Article 26.1b 2025 FIA Formula One Sporting Regulations"
2025_sprint_1e220dbb2e,s_o_paulo,brazil,,21.0,2025.0,"norris,piastri,max_verstappen,russell",24.0,10.0,,,24.0,,,,safety_car,dry,sunny,sprint,collision,,,1,liam_lawson,new_zealander,red_bull,15,30,4,346,2.0,4,True,collision,car_30,5s_time_penalty,1.0,"Breach of Appendix L, Chapter IV, Article 2 d) of the International Sporting Code"
2025_sprint_062c330763,s_o_paulo,brazil,,21.0,2025.0,"norris,piastri,max_verstappen,russell",24.0,10.0,,,24.0,,,,,dry,sunny,sprint,other,,,1,oliver_bearman,british,haas,13,32,8,62,,8,True,other,,5s_time_penalty,1.0,"Breach of Appendix L, Chapter IV, Article 2 e) of the International Sporting Code."
2025_race_3b08461816,s_o_paulo,brazil,,21.0,2025.0,"norris,piastri,max_verstappen,russell",24.0,10.0,,,71.0,,,,safety_car,dry,sunny,race,other,,,1,yuki_tsunoda,japanese,racing_bulls,17,28,6,72,4.0,5,True,other,,10s_time_penalty,,Breach of Article 54.4 c) of the FIA Formula One Sporting Regulations.
2025_race_7680b467c2,s_o_paulo,brazil,,21.0,2025.0,"norris,piastri,max_verstappen,russell",24.0,10.0,,,71.0,,,,safety_car,dry,sunny,race,other,,,2,"lewis_hamilton,car_43","british,","ferrari,","6,","146,","2,","356,",18.0,"2,",True,other,car_44,5s_time_penalty,1.0,"Breach of Appendix L, Chapter IV, Article 2 d) of the FIA International Sporting Code."
2025_qualifying_e1ac9be32a,s_o_paulo,brazil,,21.0,2025.0,"norris,piastri,max_verstappen,russell",24.0,10.0,,,23.0,,,,none,dry,sunny,qualifying,yellow_flag,,,1,car_44,,,,,,,,,True,yellow_flag,,deletion_of_the_lap_time_shown._note_competitors_are_reminded_that_they_have_the,,- Sprint Qualifying Deleted Lap Times (Yellow Flags) Description
2025_qualifying_b091447d94,s_o_paulo,brazil,,21.0,2025.0,"norris,piastri,max_verstappen,russell",24.0,10.0,,,23.0,,,,none,dry,sunny,qualifying,other,,,1,max_verstappen,dutch,red_bull,3,321,4,346,10.0,3,True,other,,required_to_start_the_race_from_the_pit_lane.,,"Breaches of Articles 28.2, 40.3 and 40.9 of the FIA Formula One Sporting Regulations."
2025_race_586c4ef3ca,s_o_paulo,brazil,,21.0,2025.0,"norris,piastri,max_verstappen,russell",24.0,10.0,,,71.0,,,,safety_car,dry,sunny,race,other,,,2,"yuki_tsunoda,car_18","japanese,","racing_bulls,","17,","28,","6,","72,",4.0,"5,",True,other,car_22,10s_time_penalty,2.0,"Breach of Appendix L, Chapter IV, Article 2 d) of the FIA International Sporting Code."
2025_qualifying_ab443ed9b9,s_o_paulo,brazil,,21.0,2025.0,"norris,piastri,max_verstappen,russell",24.0,10.0,,,23.0,,,,none,dry,sunny,qualifying,other,,,1,yuki_tsunoda,japanese,racing_bulls,17,28,6,72,4.0,5,True,other,,required_to_start_the_sprint_from_the_pit_lane.,,Breach of Article 40.9 of the FIA Formula One Sporting Regulations.
2025_race_f42175801e,s_o_paulo,brazil,,21.0,2025.0,"norris,piastri,max_verstappen,russell",24.0,10.0,,,71.0,,,,safety_car,dry,sunny,race,other,,,2,"oscar_piastri,car_12","australian,","mclaren,","2,","356,","1,","713,",2.0,"2,",True,other,car_81,10s_time_penalty,2.0,"Breach of Appendix L, Chapter IV, Article 2 d) of the FIA International Sporting Code."
2025_race_87481469bc,saudi_arabian,saudi_arabia,2021.0,5.0,2025.0,"norris,piastri,max_verstappen,russell",24.0,10.0,,,50.0,,,,safety_car,dry,sunny,race,track_limits,,,1,max_verstappen,dutch,red_bull,3,69,3,71,10.0,0,True,track_limits,,5s_time_penalty,,Breach of Article 33.3 of the FIA Formula One Sporting Regulations.
2025__7454a24c28,saudi_arabian,saudi_arabia,2021.0,5.0,2025.0,"norris,piastri,max_verstappen,russell",24.0,10.0,,,,,,,,,,,other,,,2,"lewis_hamilton,car_23","british,","ferrari,","7,","25,","4,","57,",18.0,"0,",True,other,none,no_further_action,,Alleged breach of Article 37.5 of the FIA Formula One Sporting Regulations.
2025_practice_28d185945a,saudi_arabian,saudi_arabia,2021.0,5.0,2025.0,"norris,piastri,max_verstappen,russell",24.0,10.0,,,28.0,,,,none,dry,sunny,practice,pit_lane,,,1,liam_lawson,new_zealander,red_bull,18,0,3,71,2.0,3,True,pit_lane,,warning,,"Breach of Article 12.2.1 i) of the International Sporting Code and non-compliance with Race Director’s Event Note (item 13.4,"
2025_race_013073e77f,saudi_arabian,saudi_arabia,2021.0,5.0,2025.0,"norris,piastri,max_verstappen,russell",24.0,10.0,,,50.0,,,,safety_car,dry,sunny,race,collision,,,2,"yuki_tsunoda,car_10","japanese,","racing_bulls,","14,","5,","8,","7,",4.0,"0,",True,collision,car_22,no_further_action,,"Alleged breach of Appendix L, Chapter IV, Article 2 d) of the FIA International Sporting Code."
2025_practice_adadfa0914,saudi_arabian,saudi_arabia,2021.0,5.0,2025.0,"norris,piastri,max_verstappen,russell",24.0,10.0,,,28.0,,,,none,dry,sunny,practice,pit_lane,,,1,jack_doohan,australian,alpine,19,0,9,6,1.0,4,True,pit_lane,,reprimand,,"Breach of Article 12.2.1 i) of the International Sporting Code and non-compliance with Race Director’s Event Note (item 13.4,"
2025_race_6f679b2f60,saudi_arabian,saudi_arabia,2021.0,5.0,2025.0,"norris,piastri,max_verstappen,russell",24.0,10.0,,,50.0,,,,safety_car,dry,sunny,race,other,,,1,,,,,,,,,,True,other,,deletion_of_the_lap_times_shown_in_accordance_with_article_12.4.1.e_of_the_fia_i,,- Race Deleted Lap Times Description Race Deleted Lap Times Enclosed KSA DOC 43 - Race Deleted Lap Times.pdf Nish Shetty Loïc Bacquelaine Enrique Bernoldi Hasan Al Abdali 2025 SAUDI ARABIAN GRAND PRIX 18 – 20 April 2025 From The Stewards
2025_race_e8b86bf1da,saudi_arabian,saudi_arabia,2021.0,5.0,2025.0,"norris,piastri,max_verstappen,russell",24.0,10.0,,,50.0,,,,safety_car,dry,sunny,race,track_limits,,,1,liam_lawson,new_zealander,red_bull,18,0,3,71,2.0,3,True,track_limits,,10s_time_penalty,,Breach of Article 33.3 of the FIA Formula One Sporting Regulations.
2025_qualifying_2223fcdace,marina_bay,singapore,2008.0,18.0,2025.0,"piastri,norris,max_verstappen,russell",24.0,10.0,,,22.0,,,,none,dry,sunny,qualifying,other,,,1,carlos_sainz,spanish,williams,12,31,5,101,10.0,4,True,other,,disqualification,,Breach of the 2025 FIA Technical Regulations Article 3.10.10 g
2025_qualifying_9c7c3c423d,marina_bay,singapore,2008.0,18.0,2025.0,"piastri,norris,max_verstappen,russell",24.0,10.0,,,22.0,,,,none,dry,sunny,qualifying,other,,,1,alexander_albon,thai,williams,8,70,5,101,6.0,2,True,other,,disqualification,,Breach of the 2025 FIA Technical Regulations Article 3.10.10 g
2025_qualifying_6072493948,marina_bay,singapore,2008.0,18.0,2025.0,"piastri,norris,max_verstappen,russell",24.0,10.0,,,22.0,,,,none,dry,sunny,qualifying,other,,,1,,,,,,,,,,True,other,,deletion_of_the_lap_times_shown_in_accordance_with_article_12.4.1.e_of_the_fia_i,,- Qualifying Deleted Lap Times Description
2025_race_36f2501b65,marina_bay,singapore,2008.0,18.0,2025.0,"piastri,norris,max_verstappen,russell",24.0,10.0,,,62.0,,,,none,dry,sunny,race,other,,,1,,,,,,,,,,True,other,,deletion_of_the_lap_times_shown_in_accordance_with_article_12.4.1.e_of_the_fia_i,,- Race Deleted Lap Times Description Race Deleted Lap Times Enclosed SGP - DOC 59 - Race Deleted Lap Times.pdf Gerd Ennser Loïc Bacquelaine Natalie Corsmit Derek Warwick Paul Ng 2025 SINGAPORE GRAND PRIX 03 – 05 October 2025 From The Stewards
2025_qualifying_c47784592c,marina_bay,singapore,2008.0,18.0,2025.0,"piastri,norris,max_verstappen,russell",24.0,10.0,,,22.0,,,,none,dry,sunny,qualifying,yellow_flag,,,1,gabriel_bortoleto,brazilian,audi,18,18,8,55,1.0,0,True,yellow_flag,none,no_further_action,,"Alleged breach of Appendix H, Article 2.5.5 b) of the International Sporting Code, Article 26.1a 2025 FIA Formula One Sporting Regulations."
2025_qualifying_59229cbf80,marina_bay,singapore,2008.0,18.0,2025.0,"piastri,norris,max_verstappen,russell",24.0,10.0,,,22.0,,,,none,dry,sunny,qualifying,yellow_flag,,,1,nico_hulkenberg,german,audi,10,37,8,55,15.0,0,True,yellow_flag,none,no_further_action,,"Alleged breach of Appendix H, Article 2.5.5 b) of the International Sporting Code, Article 26.1a 2025 FIA Formula One Sporting Regulations."
2025_qualifying_564dde44cf,marina_bay,singapore,2008.0,18.0,2025.0,"piastri,norris,max_verstappen,russell",24.0,10.0,,,22.0,,,,none,dry,sunny,qualifying,other,,,1,alexander_albon,thai,williams,8,70,5,101,6.0,2,True,other,,required_to_start_the_race_from_the_pit_lane.,,Breach of Article 40.9 of the FIA Formula One Sporting Regulations.
2025_qualifying_d628829007,marina_bay,singapore,2008.0,18.0,2025.0,"piastri,norris,max_verstappen,russell",24.0,10.0,,,22.0,,,,none,dry,sunny,qualifying,technical,,,1,pierre_gasly,french,alpine,16,20,10,20,8.0,2,True,technical,,required_to_start_the_race_from_the_pit_lane.,,Breach of Article 40.9 of the 2025 FIA Formula One Sporting Regulations.
2025_reconnaissance laps_660922d129,marina_bay,singapore,2008.0,18.0,2025.0,"piastri,norris,max_verstappen,russell",24.0,10.0,,,62.0,,,,none,dry,sunny,reconnaissance laps,pit_lane,,,1,alexander_albon,thai,williams,8,70,5,101,6.0,2,True,pit_lane,,reprimand,,"Breach of Article 12.2.1 i) of the International Sporting Code and non-compliance with Race Director’s Event Note (item 13.2,"
2025_qualifying_c9697feed6,marina_bay,singapore,2008.0,18.0,2025.0,"piastri,norris,max_verstappen,russell",24.0,10.0,,,22.0,,,,none,dry,sunny,qualifying,yellow_flag,,,1,george_russell,british,mercedes,4,212,2,290,6.0,0,True,yellow_flag,none,no_further_action,,"Alleged breach of Appendix H, Article 2.5.5 b) of the International Sporting Code. Article 26.1a 2025 FIA Formula One Sporting Regulations."
2025_qualifying_5ae8304419,marina_bay,singapore,2008.0,18.0,2025.0,"piastri,norris,max_verstappen,russell",24.0,10.0,,,22.0,,,,none,dry,sunny,qualifying,yellow_flag,,,1,,,,,,,,,,True,yellow_flag,,deletion_of_the_lap_time_shown._note_competitors_are_reminded_that_they_have_the,,- Qualifying Deleted Lap Times - Double Yellow Description
2025_practice_e0f6c57c46,marina_bay,singapore,2008.0,18.0,2025.0,"piastri,norris,max_verstappen,russell",24.0,10.0,,,29.0,,,,none,dry,sunny,practice,other,,,1,lewis_hamilton,british,ferrari,6,121,3,286,18.0,2,True,other,none,no_further_action,,"Alleged breach of Appendix H, Article 2.5.4.1 b) of the International Sporting Code and Article 37.6 a) 2025 FIA Formula One Sporting Regulations."
2025_practice_23a0367aaf,marina_bay,singapore,2008.0,18.0,2025.0,"piastri,norris,max_verstappen,russell",24.0,10.0,,,29.0,,,,none,dry,sunny,practice,unsafe_release,,,1,charles_leclerc,monegasque,ferrari,5,165,3,286,7.0,1,True,unsafe_release,,"the_competitor_(scuderia_ferrari_hp)_is_fined_€10,000.",,Breach of Article 34.14 a) of the FIA Formula One Sporting Regulations.
2025_qualifying_814a90a8e0,marina_bay,singapore,2008.0,18.0,2025.0,"piastri,norris,max_verstappen,russell",24.0,10.0,,,22.0,,,,none,dry,sunny,qualifying,yellow_flag,,,1,yuki_tsunoda,japanese,racing_bulls,17,20,6,72,4.0,5,True,yellow_flag,none,no_further_action,,"Alleged breach of Appendix H, Article 2.5.5 b) of the International Sporting Code, Article 26.1a 2025 FIA Formula One Sporting Regulations."
2025_race_b7b3d437d1,marina_bay,singapore,2008.0,18.0,2025.0,"piastri,norris,max_verstappen,russell",24.0,10.0,,,62.0,,,,none,dry,sunny,race,other,,,1,lewis_hamilton,british,ferrari,6,121,3,286,18.0,2,True,other,,5s_time_penalty,,"Breach of Article 33.3 of the FIA Formula One Sporting Regulations and Article 12.2.1 i) of the International Sporting Code - Non-compliance with Race Director’s Event Note (item 21.1,"
2025_race_a28cb3cf51,barcelona,spain,2026.0,9.0,2025.0,"piastri,norris,max_verstappen,russell",24.0,10.0,,,57.0,,,,safety_car,dry,sunny,race,track_limits,,,1,oliver_bearman,british,haas,16,6,6,26,,2,True,track_limits,,10s_time_penalty,,Breach of Article 33.3 of the FIA Formula One Sporting Regulations.
2025_race_d55c03f769,barcelona,spain,2026.0,9.0,2025.0,"piastri,norris,max_verstappen,russell",24.0,10.0,,,57.0,,,,safety_car,dry,sunny,race,other,,,1,,,,,,,,,,True,other,,deletion_of_the_lap_times_shown_in_accordance_with_article_12.4.1.e_of_the_fia_i,,- Race Deleted Lap Times Description Race Deleted Lap Times Enclosed ESP DOC 36 - Race Deleted Lap Times.pdf Nish Shetty Matthew Selley Vitantonio Liuzzi David Domingo 2025 SPANISH GRAND PRIX 30 May – 01 June 2025 From The Stewards
2025__e0ad7a5a2a,barcelona,spain,2026.0,9.0,2025.0,"piastri,norris,max_verstappen,russell",24.0,10.0,,,,,,,,,,,pit_lane,,,1,franco_colapinto,argentine,alpine,20,0,9,7,1.0,0,True,pit_lane,none,no_further_action,,Alleged breach of Article 12.2.1 h) of the FIA International Sporting Code.
2025_race_d7ea2ff003,barcelona,spain,2026.0,9.0,2025.0,"piastri,norris,max_verstappen,russell",24.0,10.0,,,57.0,,,,safety_car,dry,sunny,race,other,,,2,"liam_lawson,car_87","new_zealander,","red_bull,","17,","4,","3,","143,",2.0,"4,",True,other,none,no_further_action,,"Alleged breach of Appendix L, Chapter IV, Articles 2 b) and 2 d) of the FIA International Sporting Code."
2025_qualifying_050149835d,barcelona,spain,2026.0,9.0,2025.0,"piastri,norris,max_verstappen,russell",24.0,10.0,,,18.0,,,,none,dry,sunny,qualifying,other,,,1,,,,,,,,,,True,other,none,no_further_action,,"Alleged breach of Article 33.4 of the FIA Formula One Sporting Regulations and Article 12.2.1 i) of the FIA International Sporting Code (non-compliance with the Race Director’s Event Notes, item 1,"
2025_race_86a8de9cbc,barcelona,spain,2026.0,9.0,2025.0,"piastri,norris,max_verstappen,russell",24.0,10.0,,,57.0,,,,safety_car,dry,sunny,race,track_limits,,,1,max_verstappen,dutch,red_bull,3,136,3,143,10.0,0,True,track_limits,none,no_further_action,,Alleged breach of Article 33.3 of the FIA Formula One Sporting Regulations.
2025_race_b5245b60b9,barcelona,spain,2026.0,9.0,2025.0,"piastri,norris,max_verstappen,russell",24.0,10.0,,,57.0,,,,safety_car,dry,sunny,race,other,,,2,"max_verstappen,car_63","dutch,","red_bull,","3,","136,","3,","143,",10.0,"0,",True,other,none,10s_time_penalty,3.0,"Breach of Appendix L, Chapter IV, Article 2 d) of the FIA International Sporting Code."
2025_race_2803835084,barcelona,spain,2026.0,9.0,2025.0,"piastri,norris,max_verstappen,russell",24.0,10.0,,,57.0,,,,safety_car,dry,sunny,race,track_limits,,,1,alexander_albon,thai,williams,8,42,5,54,6.0,0,True,track_limits,,10s_time_penalty,,Breach of Article 33.3 of the FIA Formula One Sporting Regulations.
2025_race_53b8ab4ee1,barcelona,spain,2026.0,9.0,2025.0,"piastri,norris,max_verstappen,russell",24.0,10.0,,,57.0,,,,safety_car,dry,sunny,race,collision,,,2,"max_verstappen,car_16","dutch,","red_bull,","3,","136,","3,","143,",10.0,"0,",True,collision,car_1,no_further_action,,"Alleged breach of Appendix L, Chapter IV, Article 2 d) of the FIA International Sporting Code."
2025_qualifying_bd61793673,barcelona,spain,2026.0,9.0,2025.0,"piastri,norris,max_verstappen,russell",24.0,10.0,,,18.0,,,,none,dry,sunny,qualifying,other,,,1,yuki_tsunoda,japanese,racing_bulls,13,10,7,22,4.0,0,True,other,,required_to_start_the_race_from_the_pit_lane.,,Breach of Article 40.9 of the FIA Formula One Sporting Regulations.
2025_qualifying_a40f2b52df,barcelona,spain,2026.0,9.0,2025.0,"piastri,norris,max_verstappen,russell",24.0,10.0,,,18.0,,,,none,dry,sunny,qualifying,other,,,1,lance_stroll,canadian,aston_martin,11,14,8,14,8.0,1,True,other,,warning,,"Breach of Article 35.1 of the FIA Formula One Sporting Regulations and non- compliance with Race Director’s Event Notes (item 13,"
2025_race_bffefba8e4,barcelona,spain,2026.0,9.0,2025.0,"piastri,norris,max_verstappen,russell",24.0,10.0,,,57.0,,,,safety_car,dry,sunny,race,collision,,,2,"charles_leclerc,car_1","monegasque,","ferrari,","5,","79,","4,","142,",7.0,"0,",True,collision,car_1,no_further_action,,"Alleged breach of Appendix L, Chapter IV, Article 2 d) of the FIA International Sporting Code."
2025_race_ff0f22bbcd,barcelona,spain,2026.0,9.0,2025.0,"piastri,norris,max_verstappen,russell",24.0,10.0,,,57.0,,,,safety_car,dry,sunny,race,other,,,2,"liam_lawson,car_23","new_zealander,","red_bull,","17,","4,","3,","143,",2.0,"4,",True,other,none,no_further_action,,"Alleged breach of Appendix L, Chapter IV, Articles 2 b) and 2 d) of the FIA International Sporting Code."
2025_qualifying_917af07c18,barcelona,spain,2026.0,9.0,2025.0,"piastri,norris,max_verstappen,russell",24.0,10.0,,,18.0,,,,none,dry,sunny,qualifying,other,,,1,,,,,,,,,,True,other,,deletion_of_the_lap_times_shown_in_accordance_with_article_12.4.1.e_of_the_fia_i,,- Qualifying Deleted Lap Times Description Qualifying Deleted Lap Times Enclosed ESP DOC 25 - Qualifying Deleted Lap Times.pdf Nish Shetty Matthew Selley Vitantonio Liuzzi David Domingo
2025_qualifying_41bb5692ac,austin,usa,2012.0,19.0,2025.0,"piastri,norris,max_verstappen,russell",24.0,10.0,,,20.0,,,,none,dry,sunny,qualifying,other,,,1,,,,,,,,,,True,other,,deletion_of_the_lap_times_shown_in_accordance_with_article_12.4.1.e_of_the_fia_i,,- Qualifying Deleted Lap Times Description
2025_sprint_e49b9c5744,austin,usa,2012.0,19.0,2025.0,"piastri,norris,max_verstappen,russell",24.0,10.0,,,19.0,,,,safety_car,dry,sunny,sprint,other,,,2,"lance_stroll,car_31","canadian,","aston_martin,","13,","32,","7,","68,",8.0,"3,",True,other,,drop_of_5_grid_positions_for_the_next_race_in_which_the_driver_participates._2_p,2.0,"Breach of Appendix L, Chapter IV, Article 2 d) of the FIA International Sporting Code."
2025_sprint_3305884832,austin,usa,2012.0,19.0,2025.0,"piastri,norris,max_verstappen,russell",24.0,10.0,,,19.0,,,,safety_car,dry,sunny,sprint,other,,,1,,,,,,,,,,True,other,,deletion_of_the_lap_times_shown_in_accordance_with_article_12.4.1.e_of_the_fia_i,,- Sprint Deleted Lap Times Description
2025_qualifying_bbb6930075,austin,usa,2012.0,19.0,2025.0,"piastri,norris,max_verstappen,russell",24.0,10.0,,,20.0,,,,none,dry,sunny,qualifying,other,,,1,,,,,,,,,,True,other,,deletion_of_the_lap_times_shown_in_accordance_with_article_12.4.1.e_of_the_fia_i,,- Sprint Qualifying Deleted Lap Times Description
2025_race_bc212d409a,austin,usa,2012.0,19.0,2025.0,"piastri,norris,max_verstappen,russell",24.0,10.0,,,56.0,,,,safety_car,dry,sunny,race,other,,,1,,,,,,,,,,True,other,,"the_competitor_(oracle_red_bull_racing)_is_fined_€50,000,_€25,000_of_which_is_su",,Breach of Articles 12.2.1.h and 12.2.1.i of the FIA International Sporting Code.
2025_qualifying_978a13c975,austin,usa,2012.0,19.0,2025.0,"piastri,norris,max_verstappen,russell",24.0,10.0,,,20.0,,,,none,dry,sunny,qualifying,other,,,1,,,,,,,,,,True,other,none,no_further_action,,"Alleged breach of Article 33.4 of the FIA Formula One Sporting Regulations and Article 12.2.1 i) of the FIA International Sporting Code (non-compliance with the Race Director’s Event Notes, item 1,"
2025_sprint_54c375383c,austin,usa,2012.0,19.0,2025.0,"piastri,norris,max_verstappen,russell",24.0,10.0,,,19.0,,,,safety_car,dry,sunny,sprint,track_limits,,,2,"oliver_bearman,car_12","british,","haas,","19,","18,","9,","46,",",","8,",True,track_limits,,10s_time_penalty,,Breach of Article 33.3 of the FIA Formula One Sporting Regulations.
2025_qualifying_1613f68ae6,austin,usa,2012.0,19.0,2025.0,"piastri,norris,max_verstappen,russell",24.0,10.0,,,20.0,,,,none,dry,sunny,qualifying,pit_lane,,,1,gabriel_bortoleto,brazilian,audi,18,18,8,55,1.0,0,True,pit_lane,,the_competitor_(stake_f1_team_kick_sauber)_is_fined_€100.,,Breach of Article 34.7 of the FIA Formula One Sporting Regulations.
2025_race_2e2203a634,austin,usa,2012.0,19.0,2025.0,"piastri,norris,max_verstappen,russell",24.0,10.0,,,56.0,,,,safety_car,dry,sunny,race,other,,,2,"carlos_sainz,car_12","spanish,","williams,","12,","32,","5,","102,",10.0,"4,",True,other,,drop_of_5_grid_positions_for_the_next_race_in_which_the_driver_participates._2_p,2.0,"Breach of Appendix L, Chapter IV, Article 2 d) of the FIA International Sporting Code."
".""",,,,,,,,,,,,,,,,,,,,,,1,,,,,,,,,,,,,,,
